county_code,county_name,county_display,constituency_code,constituency_name,constituency_display,ward_code,ward_name,ward_display,registered_voters_2022
001,MOMBASA,Mombasa,001,CHANGAMWE,Changamwe,0001,PORT REITZ,Port Reitz,17817
001,MOMBASA,Mombasa,001,CHANGAMWE,Changamwe,0002,KIPEVU,Kipevu,16132
001,MOMBASA,Mombasa,001,CHANGAMWE,Changamwe,0003,AIRPORT,Airport,18557
001,MOMBASA,Mombasa,001,CHANGAMWE,Changamwe,0004,CHANGAMWE,Changamwe,18182
001,MOMBASA,Mombasa,001,CHANGAMWE,Changamwe,0005,CHAANI,Chaani,22873
001,MOMBASA,Mombasa,002,JOMVU,Jomvu,0006,JOMVU KUU,Jomvu Kuu,24243
001,MOMBASA,Mombasa,002,JOMVU,Jomvu,0007,MIRITINI,Miritini,18048
001,MOMBASA,Mombasa,002,JOMVU,Jomvu,0008,MIKINDANI,Mikindani,32794
001,MOMBASA,Mombasa,003,KISAUNI,Kisauni,0009,MJAMBERE,Mjambere,22692
001,MOMBASA,Mombasa,003,KISAUNI,Kisauni,0010,JUNDA,Junda,25602
001,MOMBASA,Mombasa,003,KISAUNI,Kisauni,0011,BAMBURI,Bamburi,20470
001,MOMBASA,Mombasa,003,KISAUNI,Kisauni,0012,MWAKIRUNGE,Mwakirunge,6423
001,MOMBASA,Mombasa,003,KISAUNI,Kisauni,0013,MTOPANGA,Mtopanga,19474
001,MOMBASA,Mombasa,003,KISAUNI,Kisauni,0014,MAGOGONI,Magogoni,15105
001,MOMBASA,Mombasa,003,KISAUNI,Kisauni,0015,SHANZU,Shanzu,25510
001,MOMBASA,Mombasa,004,NYALI,Nyali,0016,FRERE TOWN,Frere Town,24849
001,MOMBASA,Mombasa,004,NYALI,Nyali,0017,ZIWA LA NG'OMBE,Ziwa la Ng'ombe,23296
001,MOMBASA,Mombasa,004,NYALI,Nyali,0018,MKOMANI,Mkomani,24154
001,MOMBASA,Mombasa,004,NYALI,Nyali,0019,KONGOWEA,Kongowea,28846
001,MOMBASA,Mombasa,004,NYALI,Nyali,0020,KADZANDANI,Kadzandani,23108
001,MOMBASA,Mombasa,005,LIKONI,Likoni,0021,MTONGWE,Mtongwe,13937
001,MOMBASA,Mombasa,005,LIKONI,Likoni,0022,SHIKA ADABU,Shika Adabu,15437
001,MOMBASA,Mombasa,005,LIKONI,Likoni,0023,BOFU,Bofu,18188
001,MOMBASA,Mombasa,005,LIKONI,Likoni,0024,LIKONI,Likoni,13273
001,MOMBASA,Mombasa,005,LIKONI,Likoni,0025,TIMBWANI,Timbwani,33929
001,MOMBASA,Mombasa,006,MVITA,Mvita,0026,MJI WA KALE/MAKADARA,Mji wa Kale/Makadara,22341
001,MOMBASA,Mombasa,006,MVITA,Mvita,0027,TUDOR,Tudor,22926
001,MOMBASA,Mombasa,006,MVITA,Mvita,0028,TONONOKA,Tononoka,23379
001,MOMBASA,Mombasa,006,MVITA,Mvita,0029,SHIMANZI/GANJONI,Shimanzi/Ganjoni,18556
001,MOMBASA,Mombasa,006,MVITA,Mvita,0030,MAJENGO,Majengo,31772
002,KWALE,Kwale,007,MSAMBWENI,Msambweni,0031,GOMBATO BONGWE,Gombato Bongwe,20551
002,KWALE,Kwale,007,MSAMBWENI,Msambweni,0032,UKUNDA,Ukunda,24331
002,KWALE,Kwale,007,MSAMBWENI,Msambweni,0033,KINONDO,Kinondo,13463
002,KWALE,Kwale,007,MSAMBWENI,Msambweni,0034,RAMISI,Ramisi,23916
002,KWALE,Kwale,008,LUNGALUNGA,Lungalunga,0035,PONGWE/KIKONENI,Pongwe/Kikoneni,18833
002,KWALE,Kwale,008,LUNGALUNGA,Lungalunga,0036,DZOMBO,Dzombo,14688
002,KWALE,Kwale,008,LUNGALUNGA,Lungalunga,0037,MWERENI,Mwereni,15589
002,KWALE,Kwale,008,LUNGALUNGA,Lungalunga,0038,VANGA,Vanga,15744
002,KWALE,Kwale,009,MATUGA,Matuga,0039,TSIMBA GOLINI,Tsimba Golini,20453
002,KWALE,Kwale,009,MATUGA,Matuga,0040,WAA,Waa,20681
002,KWALE,Kwale,009,MATUGA,Matuga,0041,TIWI,Tiwi,11016
002,KWALE,Kwale,009,MATUGA,Matuga,0042,KUBO SOUTH,Kubo South,12087
002,KWALE,Kwale,009,MATUGA,Matuga,0043,MKONGANI,Mkongani,18778
002,KWALE,Kwale,010,KINANGO,Kinango,0044,NDAVAYA,Ndavaya,12743
002,KWALE,Kwale,010,KINANGO,Kinango,0045,PUMA,Puma,9844
002,KWALE,Kwale,010,KINANGO,Kinango,0046,KINANGO,Kinango,15597
002,KWALE,Kwale,010,KINANGO,Kinango,0047,MACKINNON ROAD,Mackinnon Road,14214
002,KWALE,Kwale,010,KINANGO,Kinango,0048,CHENGONI/SAMBURU,Chengoni/Samburu,15037
002,KWALE,Kwale,010,KINANGO,Kinango,0049,MWAVUMBO,Mwavumbo,16243
002,KWALE,Kwale,010,KINANGO,Kinango,0050,KASEMENI,Kasemeni,14445
003,KILIFI,Kilifi,011,KILIFI NORTH,Kilifi North,0051,TEZO,Tezo,14830
003,KILIFI,Kilifi,011,KILIFI NORTH,Kilifi North,0052,SOKONI,Sokoni,23955
003,KILIFI,Kilifi,011,KILIFI NORTH,Kilifi North,0053,KIBARANI,Kibarani,15655
003,KILIFI,Kilifi,011,KILIFI NORTH,Kilifi North,0054,DABASO,Dabaso,13717
003,KILIFI,Kilifi,011,KILIFI NORTH,Kilifi North,0055,MATSANGONI,Matsangoni,15168
003,KILIFI,Kilifi,011,KILIFI NORTH,Kilifi North,0056,WATAMU,Watamu,15341
003,KILIFI,Kilifi,011,KILIFI NORTH,Kilifi North,0057,MNARANI,Mnarani,18076
003,KILIFI,Kilifi,012,KILIFI SOUTH,Kilifi South,0058,JUNJU,Junju,15747
003,KILIFI,Kilifi,012,KILIFI SOUTH,Kilifi South,0059,MWARAKAYA,Mwarakaya,12714
003,KILIFI,Kilifi,012,KILIFI SOUTH,Kilifi South,0060,SHIMO LA TEWA,Shimo la Tewa,32052
003,KILIFI,Kilifi,012,KILIFI SOUTH,Kilifi South,0061,CHASIMBA,Chasimba,14090
003,KILIFI,Kilifi,012,KILIFI SOUTH,Kilifi South,0062,MTEPENI,Mtepeni,23093
003,KILIFI,Kilifi,013,KALOLENI,Kaloleni,0063,MARIAKANI,Mariakani,21332
003,KILIFI,Kilifi,013,KALOLENI,Kaloleni,0064,KAYAFUNGO,Kayafungo,14897
003,KILIFI,Kilifi,013,KALOLENI,Kaloleni,0065,KALOLENI,Kaloleni,25995
003,KILIFI,Kilifi,013,KALOLENI,Kaloleni,0066,MWANAMWINGA,Mwanamwinga,10785
003,KILIFI,Kilifi,014,RABAI,Rabai,0067,MWAWESA,Mwawesa,8793
003,KILIFI,Kilifi,014,RABAI,Rabai,0068,RURUMA,Ruruma,12058
003,KILIFI,Kilifi,014,RABAI,Rabai,0069,KAMBE/RIBE,Kambe/Ribe,11119
003,KILIFI,Kilifi,014,RABAI,Rabai,0070,RABAI/KISURUTINI,Rabai/Kisurutini,27195
003,KILIFI,Kilifi,015,GANZE,Ganze,0071,GANZE,Ganze,16586
003,KILIFI,Kilifi,015,GANZE,Ganze,0072,BAMBA,Bamba,18599
003,KILIFI,Kilifi,015,GANZE,Ganze,0073,JARIBUNI,Jaribuni,12782
003,KILIFI,Kilifi,015,GANZE,Ganze,0074,SOKOKE,Sokoke,19290
003,KILIFI,Kilifi,016,MALINDI,Malindi,0075,JILORE,Jilore,10464
003,KILIFI,Kilifi,016,MALINDI,Malindi,0076,KAKUYUNI,Kakuyuni,8750
003,KILIFI,Kilifi,016,MALINDI,Malindi,0077,GANDA,Ganda,18566
003,KILIFI,Kilifi,016,MALINDI,Malindi,0078,MALINDI TOWN,Malindi Town,30570
003,KILIFI,Kilifi,016,MALINDI,Malindi,0079,SHELLA,Shella,26255
003,KILIFI,Kilifi,017,MAGARINI,Magarini,0080,MARAFA,Marafa,9026
003,KILIFI,Kilifi,017,MAGARINI,Magarini,0081,MAGARINI,Magarini,17099
003,KILIFI,Kilifi,017,MAGARINI,Magarini,0082,GONGONI,Gongoni,17685
003,KILIFI,Kilifi,017,MAGARINI,Magarini,0083,ADU,Adu,16263
003,KILIFI,Kilifi,017,MAGARINI,Magarini,0084,GARASHI,Garashi,10466
003,KILIFI,Kilifi,017,MAGARINI,Magarini,0085,SABAKI,Sabaki,9589
004,TANA RIVER,Tana River,018,GARSEN,Garsen,0086,KIPINI EAST,Kipini East,7898
004,TANA RIVER,Tana River,018,GARSEN,Garsen,0087,GARSEN SOUTH,Garsen South,9990
004,TANA RIVER,Tana River,018,GARSEN,Garsen,0088,KIPINI WEST,Kipini West,9180
004,TANA RIVER,Tana River,018,GARSEN,Garsen,0089,GARSEN CENTRAL,Garsen Central,8256
004,TANA RIVER,Tana River,018,GARSEN,Garsen,0090,GARSEN WEST,Garsen West,10999
004,TANA RIVER,Tana River,018,GARSEN,Garsen,0091,GARSEN NORTH,Garsen North,9130
004,TANA RIVER,Tana River,019,GALOLE,Galole,0092,KINAKOMBA,Kinakomba,8318
004,TANA RIVER,Tana River,019,GALOLE,Galole,0093,MIKINDUNI,Mikinduni,7570
004,TANA RIVER,Tana River,019,GALOLE,Galole,0094,CHEWANI,Chewani,14333
004,TANA RIVER,Tana River,019,GALOLE,Galole,0095,WAYU,Wayu,9744
004,TANA RIVER,Tana River,020,BURA,Bura,0096,CHEWELE,Chewele,8109
004,TANA RIVER,Tana River,020,BURA,Bura,0097,HIRIMANI,Hirimani,10750
004,TANA RIVER,Tana River,020,BURA,Bura,0098,BANGALE,Bangale,10129
004,TANA RIVER,Tana River,020,BURA,Bura,0099,SALA,Sala,8806
004,TANA RIVER,Tana River,020,BURA,Bura,0100,MADOGO,Madogo,7884
005,LAMU,Lamu,021,LAMU EAST,Lamu East,0101,FAZA,Faza,16515
005,LAMU,Lamu,021,LAMU EAST,Lamu East,0102,KIUNGA,Kiunga,4583
005,LAMU,Lamu,021,LAMU EAST,Lamu East,0103,BASUBA,Basuba,949
005,LAMU,Lamu,022,LAMU WEST,Lamu West,0104,SHELLA,Shella,3632
005,LAMU,Lamu,022,LAMU WEST,Lamu West,0105,MKOMANI,Mkomani,12571
005,LAMU,Lamu,022,LAMU WEST,Lamu West,0106,HINDI,Hindi,8533
005,LAMU,Lamu,022,LAMU WEST,Lamu West,0107,MKUNUMBI,Mkunumbi,8866
005,LAMU,Lamu,022,LAMU WEST,Lamu West,0108,HONGWE,Hongwe,5071
005,LAMU,Lamu,022,LAMU WEST,Lamu West,0109,WITU,Witu,9697
005,LAMU,Lamu,022,LAMU WEST,Lamu West,0110,BAHARI,Bahari,11036
006,TAITA TAVETA,Taita Taveta,023,TAVETA,Taveta,0111,CHALA,Chala,9682
006,TAITA TAVETA,Taita Taveta,023,TAVETA,Taveta,0112,MAHOO,Mahoo,6817
006,TAITA TAVETA,Taita Taveta,023,TAVETA,Taveta,0113,BOMANI,Bomani,10441
006,TAITA TAVETA,Taita Taveta,023,TAVETA,Taveta,0114,MBOGHONI,Mboghoni,8103
006,TAITA TAVETA,Taita Taveta,023,TAVETA,Taveta,0115,MATA,Mata,5988
006,TAITA TAVETA,Taita Taveta,024,WUNDANYI,Wundanyi,0116,WUNDANYI/MBALE,Wundanyi/Mbale,12988
006,TAITA TAVETA,Taita Taveta,024,WUNDANYI,Wundanyi,0117,WERUGHA,Werugha,6085
006,TAITA TAVETA,Taita Taveta,024,WUNDANYI,Wundanyi,0118,WUMINGU/KISHUSHE,Wumingu/Kishushe,8007
006,TAITA TAVETA,Taita Taveta,024,WUNDANYI,Wundanyi,0119,MWANDA/MGANGE,Mwanda/Mgange,7928
006,TAITA TAVETA,Taita Taveta,025,MWATATE,Mwatate,0120,RONG'E,Rong'e,7080
006,TAITA TAVETA,Taita Taveta,025,MWATATE,Mwatate,0121,MWATATE,Mwatate,10082
006,TAITA TAVETA,Taita Taveta,025,MWATATE,Mwatate,0122,BURA,Bura,9937
006,TAITA TAVETA,Taita Taveta,025,MWATATE,Mwatate,0123,CHAWIA,Chawia,9208
006,TAITA TAVETA,Taita Taveta,025,MWATATE,Mwatate,0124,WUSI/KISHAMBA,Wusi/Kishamba,8104
006,TAITA TAVETA,Taita Taveta,026,VOI,Voi,0125,MBOLOLO,Mbololo,15880
006,TAITA TAVETA,Taita Taveta,026,VOI,Voi,0126,SAGALLA,Sagalla,7067
006,TAITA TAVETA,Taita Taveta,026,VOI,Voi,0127,KALOLENI,Kaloleni,17547
006,TAITA TAVETA,Taita Taveta,026,VOI,Voi,0128,MARUNGU,Marungu,6681
006,TAITA TAVETA,Taita Taveta,026,VOI,Voi,0129,KASIGAU,Kasigau,7829
006,TAITA TAVETA,Taita Taveta,026,VOI,Voi,0130,NGOLIA,Ngolia,6373
007,GARISSA,Garissa,027,GARISSA TOWNSHIP,Garissa Township,0131,WABERI,Waberi,11657
007,GARISSA,Garissa,027,GARISSA TOWNSHIP,Garissa Township,0132,GALBET,Galbet,16698
007,GARISSA,Garissa,027,GARISSA TOWNSHIP,Garissa Township,0133,TOWNSHIP,Township,13419
007,GARISSA,Garissa,027,GARISSA TOWNSHIP,Garissa Township,0134,IFTIN,Iftin,11479
007,GARISSA,Garissa,028,BALAMBALA,Balambala,0135,BALAMBALA,Balambala,4414
007,GARISSA,Garissa,028,BALAMBALA,Balambala,0136,DANYERE,Danyere,3924
007,GARISSA,Garissa,028,BALAMBALA,Balambala,0137,JARA JARA,Jara Jara,2729
007,GARISSA,Garissa,028,BALAMBALA,Balambala,0138,SAKA,Saka,5413
007,GARISSA,Garissa,028,BALAMBALA,Balambala,0139,SANKURI,Sankuri,9605
007,GARISSA,Garissa,029,LAGDERA,Lagdera,0140,MODOGASHE,Modogashe,6388
007,GARISSA,Garissa,029,LAGDERA,Lagdera,0141,BENANE,Benane,4463
007,GARISSA,Garissa,029,LAGDERA,Lagdera,0142,GOREALE,Goreale,2438
007,GARISSA,Garissa,029,LAGDERA,Lagdera,0143,MAALIMIN,Maalimin,5091
007,GARISSA,Garissa,029,LAGDERA,Lagdera,0144,SABENA,Sabena,3394
007,GARISSA,Garissa,029,LAGDERA,Lagdera,0145,BARAKI,Baraki,5175
007,GARISSA,Garissa,030,DADAAB,Dadaab,0146,DERTU,Dertu,3744
007,GARISSA,Garissa,030,DADAAB,Dadaab,0147,DADAAB,Dadaab,5657
007,GARISSA,Garissa,030,DADAAB,Dadaab,0148,LABASIGALE,Labasigale,4331
007,GARISSA,Garissa,030,DADAAB,Dadaab,0149,DAMAJALE,Damajale,9760
007,GARISSA,Garissa,030,DADAAB,Dadaab,0150,LIBOI,Liboi,5362
007,GARISSA,Garissa,030,DADAAB,Dadaab,0151,ABAKAILE,Abakaile,9331
007,GARISSA,Garissa,031,FAFI,Fafi,0152,BURA,Bura,5272
007,GARISSA,Garissa,031,FAFI,Fafi,0153,DEKAHARIA,Dekaharia,4740
007,GARISSA,Garissa,031,FAFI,Fafi,0154,JARAJILA,Jarajila,3123
007,GARISSA,Garissa,031,FAFI,Fafi,0155,FAFI,Fafi,7050
007,GARISSA,Garissa,031,FAFI,Fafi,0156,NANIGHI,Nanighi,7150
007,GARISSA,Garissa,032,IJARA,Ijara,0157,HULUGHO,Hulugho,6266
007,GARISSA,Garissa,032,IJARA,Ijara,0158,SANGAILU,Sangailu,4919
007,GARISSA,Garissa,032,IJARA,Ijara,0159,IJARA,Ijara,7383
007,GARISSA,Garissa,032,IJARA,Ijara,0160,MASALANI,Masalani,11098
008,WAJIR,Wajir,033,WAJIR NORTH,Wajir North,0161,GURAR,Gurar,3885
008,WAJIR,Wajir,033,WAJIR NORTH,Wajir North,0162,BUTE,Bute,3786
008,WAJIR,Wajir,033,WAJIR NORTH,Wajir North,0163,KORONDILE,Korondile,5317
008,WAJIR,Wajir,033,WAJIR NORTH,Wajir North,0164,MALKAGUFU,Malkagufu,4031
008,WAJIR,Wajir,033,WAJIR NORTH,Wajir North,0165,BATALU,Batalu,6364
008,WAJIR,Wajir,033,WAJIR NORTH,Wajir North,0166,DANABA,Danaba,7376
008,WAJIR,Wajir,033,WAJIR NORTH,Wajir North,0167,GODOMA,Godoma,3168
008,WAJIR,Wajir,034,WAJIR EAST,Wajir East,0168,WAGBERI,Wagberi,7353
008,WAJIR,Wajir,034,WAJIR EAST,Wajir East,0169,TOWNSHIP,Township,10065
008,WAJIR,Wajir,034,WAJIR EAST,Wajir East,0170,BARWAGO,Barwago,10302
008,WAJIR,Wajir,034,WAJIR EAST,Wajir East,0171,KHOROF/HARAR,Khorof/Harar,8074
008,WAJIR,Wajir,035,TARBAJ,Tarbaj,0172,ELBEN,Elben,3562
008,WAJIR,Wajir,035,TARBAJ,Tarbaj,0173,SARMAN,Sarman,7416
008,WAJIR,Wajir,035,TARBAJ,Tarbaj,0174,TARBAJ,Tarbaj,9869
008,WAJIR,Wajir,035,TARBAJ,Tarbaj,0175,WARGADUD,Wargadud,4420
008,WAJIR,Wajir,036,WAJIR WEST,Wajir West,0176,ARBAJAHAN,Arbajahan,8593
008,WAJIR,Wajir,036,WAJIR WEST,Wajir West,0177,HADADO/ATHIBOHOL,Hadado/Athibohol,7818
008,WAJIR,Wajir,036,WAJIR WEST,Wajir West,0178,ADAMASAJIDE,Adamasajide,6541
008,WAJIR,Wajir,036,WAJIR WEST,Wajir West,0179,GANYURE/WAGALLA,Ganyure/Wagalla,8382
008,WAJIR,Wajir,037,ELDAS,Eldas,0180,ELDAS,Eldas,4630
008,WAJIR,Wajir,037,ELDAS,Eldas,0181,DELLA,Della,6188
008,WAJIR,Wajir,037,ELDAS,Eldas,0182,LAKOLEY SOUTH/BASIR,Lakoley South/Basir,3443
008,WAJIR,Wajir,037,ELDAS,Eldas,0183,ELNUR/TULA TULA,Elnur/Tula Tula,9098
008,WAJIR,Wajir,038,WAJIR SOUTH,Wajir South,0184,BENANE,Benane,11797
008,WAJIR,Wajir,038,WAJIR SOUTH,Wajir South,0185,BURDER,Burder,4863
008,WAJIR,Wajir,038,WAJIR SOUTH,Wajir South,0186,DADAJA BULLA,Dadaja Bulla,5389
008,WAJIR,Wajir,038,WAJIR SOUTH,Wajir South,0187,HABASSWEIN,Habasswein,11026
008,WAJIR,Wajir,038,WAJIR SOUTH,Wajir South,0188,LAGBOGHOL SOUTH,Lagboghol South,7541
008,WAJIR,Wajir,038,WAJIR SOUTH,Wajir South,0189,IBRAHIM URE,Ibrahim Ure,6179
008,WAJIR,Wajir,038,WAJIR SOUTH,Wajir South,0190,DIIF,Diif,11282
009,MANDERA,Mandera,039,MANDERA WEST,Mandera West,0191,TAKABA SOUTH,Takaba South,6742
009,MANDERA,Mandera,039,MANDERA WEST,Mandera West,0192,TAKABA,Takaba,5683
009,MANDERA,Mandera,039,MANDERA WEST,Mandera West,0193,LAGSURE,Lagsure,6746
009,MANDERA,Mandera,039,MANDERA WEST,Mandera West,0194,DANDU,Dandu,9544
009,MANDERA,Mandera,039,MANDERA WEST,Mandera West,0195,GITHER,Gither,8922
009,MANDERA,Mandera,040,BANISSA,Banissa,0196,BANISSA,Banissa,9898
009,MANDERA,Mandera,040,BANISSA,Banissa,0197,DERKHALE,Derkhale,7068
009,MANDERA,Mandera,040,BANISSA,Banissa,0198,GUBA,Guba,1539
009,MANDERA,Mandera,040,BANISSA,Banissa,0199,MALKAMARI,Malkamari,6440
009,MANDERA,Mandera,040,BANISSA,Banissa,0200,KILIWEHIRI,Kiliwehiri,7758
009,MANDERA,Mandera,041,MANDERA NORTH,Mandera North,0201,ASHABITO,Ashabito,7806
009,MANDERA,Mandera,041,MANDERA NORTH,Mandera North,0202,GUTICHA,Guticha,10038
009,MANDERA,Mandera,041,MANDERA NORTH,Mandera North,0203,MOROTHILE,Morothile,2777
009,MANDERA,Mandera,041,MANDERA NORTH,Mandera North,0204,RHAMU,Rhamu,15408
009,MANDERA,Mandera,041,MANDERA NORTH,Mandera North,0205,RHAMU-DIMTU,Rhamu-Dimtu,9187
009,MANDERA,Mandera,042,MANDERA SOUTH,Mandera South,0206,WARGADUD,Wargadud,7341
009,MANDERA,Mandera,042,MANDERA SOUTH,Mandera South,0207,KUTULO,Kutulo,7123
009,MANDERA,Mandera,042,MANDERA SOUTH,Mandera South,0208,ELWAK SOUTH,Elwak South,6095
009,MANDERA,Mandera,042,MANDERA SOUTH,Mandera South,0209,ELWAK NORTH,Elwak North,6279
009,MANDERA,Mandera,042,MANDERA SOUTH,Mandera South,0210,SHIMBIR FATUMA,Shimbir Fatuma,7853
009,MANDERA,Mandera,043,MANDERA EAST,Mandera East,0211,ARABIA,Arabia,4187
009,MANDERA,Mandera,043,MANDERA EAST,Mandera East,0212,TOWNSHIP,Township,14790
009,MANDERA,Mandera,043,MANDERA EAST,Mandera East,0213,NEBOI,Neboi,11840
009,MANDERA,Mandera,043,MANDERA EAST,Mandera East,0214,KHALALIO,Khalalio,11106
009,MANDERA,Mandera,043,MANDERA EAST,Mandera East,0215,LIBEHIA,Libehia,6296
009,MANDERA,Mandera,044,LAFEY,Lafey,0216,SALA,Sala,2412
009,MANDERA,Mandera,044,LAFEY,Lafey,0217,FINO,Fino,2786
009,MANDERA,Mandera,044,LAFEY,Lafey,0218,LAFEY,Lafey,4932
009,MANDERA,Mandera,044,LAFEY,Lafey,0219,WARANQARA,Waranqara,3956
009,MANDERA,Mandera,044,LAFEY,Lafey,0220,ALANGO GOF,Alango Gof,4478
010,MARSABIT,Marsabit,045,MOYALE,Moyale,0221,BUTIYE,Butiye,9614
010,MARSABIT,Marsabit,045,MOYALE,Moyale,0222,SOLOLO,Sololo,8376
010,MARSABIT,Marsabit,045,MOYALE,Moyale,0223,HEILLU/MANYATTA,Heillu/Manyatta,10431
010,MARSABIT,Marsabit,045,MOYALE,Moyale,0224,GOLBO,Golbo,15692
010,MARSABIT,Marsabit,045,MOYALE,Moyale,0225,MOYALE TOWNSHIP,Moyale Township,10237
010,MARSABIT,Marsabit,045,MOYALE,Moyale,0226,URAN,Uran,7932
010,MARSABIT,Marsabit,045,MOYALE,Moyale,0227,OBBU,Obbu,4120
010,MARSABIT,Marsabit,046,NORTH HORR,North Horr,0228,DUKANA,Dukana,8075
010,MARSABIT,Marsabit,046,NORTH HORR,North Horr,0229,MAIKONA,Maikona,9865
010,MARSABIT,Marsabit,046,NORTH HORR,North Horr,0230,TURBI,Turbi,6677
010,MARSABIT,Marsabit,046,NORTH HORR,North Horr,0231,NORTH HORR,North Horr,8547
010,MARSABIT,Marsabit,046,NORTH HORR,North Horr,0232,ILLERET,Illeret,3691
010,MARSABIT,Marsabit,047,SAKU,Saku,0233,SAGANTE/JALDESA,Sagante/Jaldesa,9027
010,MARSABIT,Marsabit,047,SAKU,Saku,0234,KARARE,Karare,4723
010,MARSABIT,Marsabit,047,SAKU,Saku,0235,MARSABIT CENTRAL,Marsabit Central,16459
010,MARSABIT,Marsabit,048,LAISAMIS,Laisamis,0236,LOIYANGALANI,Loiyangalani,7669
010,MARSABIT,Marsabit,048,LAISAMIS,Laisamis,0237,KARGI/SOUTH HORR,Kargi/South Horr,5327
010,MARSABIT,Marsabit,048,LAISAMIS,Laisamis,0238,KORR/NGURUNIT,Korr/Ngurunit,9392
010,MARSABIT,Marsabit,048,LAISAMIS,Laisamis,0239,LOGO LOGO,Logo Logo,4133
010,MARSABIT,Marsabit,048,LAISAMIS,Laisamis,0240,LAISAMIS,Laisamis,6925
011,ISIOLO,Isiolo,049,ISIOLO NORTH,Isiolo North,0241,WABERA,Wabera,15034
011,ISIOLO,Isiolo,049,ISIOLO NORTH,Isiolo North,0242,BULLA PESA,Bulla Pesa,15125
011,ISIOLO,Isiolo,049,ISIOLO NORTH,Isiolo North,0243,CHARI,Chari,4486
011,ISIOLO,Isiolo,049,ISIOLO NORTH,Isiolo North,0244,CHERAB,Cherab,8065
011,ISIOLO,Isiolo,049,ISIOLO NORTH,Isiolo North,0245,NGARE MARA,Ngare Mara,5434
011,ISIOLO,Isiolo,049,ISIOLO NORTH,Isiolo North,0246,BURAT,Burat,13195
011,ISIOLO,Isiolo,049,ISIOLO NORTH,Isiolo North,0247,OLDO/NYIRO,Oldo/Nyiro,5984
011,ISIOLO,Isiolo,050,ISIOLO SOUTH,Isiolo South,0248,GARBATULLA,Garbatulla,7238
011,ISIOLO,Isiolo,050,ISIOLO SOUTH,Isiolo South,0249,KINNA,Kinna,8885
011,ISIOLO,Isiolo,050,ISIOLO SOUTH,Isiolo South,0250,SERICHO,Sericho,6058
012,MERU,Meru,051,IGEMBE SOUTH,Igembe South,0251,MAUA,Maua,17213
012,MERU,Meru,051,IGEMBE SOUTH,Igembe South,0252,KIEGOI/ANTUBOCHIU,Kiegoi/Antubochiu,16514
012,MERU,Meru,051,IGEMBE SOUTH,Igembe South,0253,ATHIRU GAITI,Athiru Gaiti,14443
012,MERU,Meru,051,IGEMBE SOUTH,Igembe South,0254,AKACHIU,Akachiu,14371
012,MERU,Meru,051,IGEMBE SOUTH,Igembe South,0255,KANUNI,Kanuni,14585
012,MERU,Meru,052,IGEMBE CENTRAL,Igembe Central,0256,AKIRANG'ONDU,Akirang'ondu,15637
012,MERU,Meru,052,IGEMBE CENTRAL,Igembe Central,0257,ATHIRU RUUJINE,Athiru Ruujine,19920
012,MERU,Meru,052,IGEMBE CENTRAL,Igembe Central,0258,IGEMBE EAST,Igembe East,19964
012,MERU,Meru,052,IGEMBE CENTRAL,Igembe Central,0259,NJIA,Njia,21810
012,MERU,Meru,052,IGEMBE CENTRAL,Igembe Central,0260,KANGETA,Kangeta,16103
012,MERU,Meru,053,IGEMBE NORTH,Igembe North,0261,ANTUAMBUI,Antuambui,17113
012,MERU,Meru,053,IGEMBE NORTH,Igembe North,0262,NTUNENE,Ntunene,11829
012,MERU,Meru,053,IGEMBE NORTH,Igembe North,0263,ANTUBETWE KIONGO,Antubetwe Kiongo,15108
012,MERU,Meru,053,IGEMBE NORTH,Igembe North,0264,NAATHU,Naathu,13879
012,MERU,Meru,053,IGEMBE NORTH,Igembe North,0265,AMWATHI,Amwathi,19121
012,MERU,Meru,054,TIGANIA WEST,Tigania West,0266,ATHWANA,Athwana,9123
012,MERU,Meru,054,TIGANIA WEST,Tigania West,0267,AKITHII,Akithii,16709
012,MERU,Meru,054,TIGANIA WEST,Tigania West,0268,KIANJAI,Kianjai,21037
012,MERU,Meru,054,TIGANIA WEST,Tigania West,0269,NKOMO,Nkomo,13030
012,MERU,Meru,054,TIGANIA WEST,Tigania West,0270,MBEU,Mbeu,10384
012,MERU,Meru,055,TIGANIA EAST,Tigania East,0271,THANGATHA,Thangatha,21025
012,MERU,Meru,055,TIGANIA EAST,Tigania East,0272,MIKINDURI,Mikinduri,18246
012,MERU,Meru,055,TIGANIA EAST,Tigania East,0273,KIGUCHWA,Kiguchwa,11544
012,MERU,Meru,055,TIGANIA EAST,Tigania East,0274,MUTHARA,Muthara,19902
012,MERU,Meru,055,TIGANIA EAST,Tigania East,0275,KARAMA,Karama,12810
012,MERU,Meru,056,NORTH IMENTI,North Imenti,0276,MUNICIPALITY,Municipality,23655
012,MERU,Meru,056,NORTH IMENTI,North Imenti,0277,NTIMA EAST,Ntima East,14904
012,MERU,Meru,056,NORTH IMENTI,North Imenti,0278,NTIMA WEST,Ntima West,19161
012,MERU,Meru,056,NORTH IMENTI,North Imenti,0279,NYAKI WEST,Nyaki West,21192
012,MERU,Meru,056,NORTH IMENTI,North Imenti,0280,NYAKI EAST,Nyaki East,17329
012,MERU,Meru,057,BUURI,Buuri,0281,TIMAU,Timau,22215
012,MERU,Meru,057,BUURI,Buuri,0282,KISIMA,Kisima,18075
012,MERU,Meru,057,BUURI,Buuri,0283,KIIRUA/NAARI,Kiirua/Naari,15690
012,MERU,Meru,057,BUURI,Buuri,0284,RUIRI/RWARERA,Ruiri/Rwarera,11521
012,MERU,Meru,058,CENTRAL IMENTI,Central Imenti,0285,MWANGANTHIA,Mwanganthia,15057
012,MERU,Meru,058,CENTRAL IMENTI,Central Imenti,0286,ABOTHUGUCHI CENTRAL,Abothuguchi Central,24397
012,MERU,Meru,058,CENTRAL IMENTI,Central Imenti,0287,ABOTHUGUCHI WEST,Abothuguchi West,24723
012,MERU,Meru,058,CENTRAL IMENTI,Central Imenti,0288,KIAGU,Kiagu,12318
012,MERU,Meru,057,BUURI,Buuri,0289,KIBIRICHIA,Kibirichia,14840
012,MERU,Meru,059,SOUTH IMENTI,South Imenti,0290,MITUNGUU,Mitunguu,14078
012,MERU,Meru,059,SOUTH IMENTI,South Imenti,0291,IGOJI EAST,Igoji East,18203
012,MERU,Meru,059,SOUTH IMENTI,South Imenti,0292,IGOJI WEST,Igoji West,12496
012,MERU,Meru,059,SOUTH IMENTI,South Imenti,0293,ABOGETA EAST,Abogeta East,21169
012,MERU,Meru,059,SOUTH IMENTI,South Imenti,0294,ABOGETA WEST,Abogeta West,19074
012,MERU,Meru,059,SOUTH IMENTI,South Imenti,0295,NKUENE,Nkuene,30622
013,THARAKA - NITHI,Tharaka - Nithi,060,MAARA,Maara,0296,MITHERU,Mitheru,10862
013,THARAKA - NITHI,Tharaka - Nithi,060,MAARA,Maara,0297,MUTHAMBI,Muthambi,12753
013,THARAKA - NITHI,Tharaka - Nithi,060,MAARA,Maara,0298,MWIMBI,Mwimbi,15145
013,THARAKA - NITHI,Tharaka - Nithi,060,MAARA,Maara,0299,GANGA,Ganga,12691
013,THARAKA - NITHI,Tharaka - Nithi,060,MAARA,Maara,0300,CHOGORIA,Chogoria,21797
013,THARAKA - NITHI,Tharaka - Nithi,061,CHUKA/IGAMBANG'OMBE,Chuka/Igambang'ombe,0301,MARIANI,Mariani,10573
013,THARAKA - NITHI,Tharaka - Nithi,061,CHUKA/IGAMBANG'OMBE,Chuka/Igambang'ombe,0302,KARINGANI,Karingani,19043
013,THARAKA - NITHI,Tharaka - Nithi,061,CHUKA/IGAMBANG'OMBE,Chuka/Igambang'ombe,0303,MAGUMONI,Magumoni,22846
013,THARAKA - NITHI,Tharaka - Nithi,061,CHUKA/IGAMBANG'OMBE,Chuka/Igambang'ombe,0304,MUGWE,Mugwe,15913
013,THARAKA - NITHI,Tharaka - Nithi,061,CHUKA/IGAMBANG'OMBE,Chuka/Igambang'ombe,0305,IGAMBANG'OMBE,Igambang'ombe,16299
013,THARAKA - NITHI,Tharaka - Nithi,062,THARAKA,Tharaka,0306,GATUNGA,Gatunga,13891
013,THARAKA - NITHI,Tharaka - Nithi,062,THARAKA,Tharaka,0307,MUKOTHIMA,Mukothima,13297
013,THARAKA - NITHI,Tharaka - Nithi,062,THARAKA,Tharaka,0308,NKONDI,Nkondi,9543
013,THARAKA - NITHI,Tharaka - Nithi,062,THARAKA,Tharaka,0309,CHIAKARIGA,Chiakariga,18715
013,THARAKA - NITHI,Tharaka - Nithi,062,THARAKA,Tharaka,0310,MARIMANTI,Marimanti,18564
014,EMBU,Embu,063,MANYATTA,Manyatta,0311,RUGURU/NGANDORI,Ruguru/Ngandori,18449
014,EMBU,Embu,063,MANYATTA,Manyatta,0312,KITHIMU,Kithimu,11824
014,EMBU,Embu,063,MANYATTA,Manyatta,0313,NGINDA,Nginda,18342
014,EMBU,Embu,063,MANYATTA,Manyatta,0314,MBETI NORTH,Mbeti North,17844
014,EMBU,Embu,063,MANYATTA,Manyatta,0315,KIRIMARI,Kirimari,29617
014,EMBU,Embu,063,MANYATTA,Manyatta,0316,GATURI SOUTH,Gaturi South,10512
014,EMBU,Embu,064,RUNYENJES,Runyenjes,0317,GATURI NORTH,Gaturi North,14872
014,EMBU,Embu,064,RUNYENJES,Runyenjes,0318,KAGAARI SOUTH,Kagaari South,13564
014,EMBU,Embu,064,RUNYENJES,Runyenjes,0319,CENTRAL WARD,Central Ward,17035
014,EMBU,Embu,064,RUNYENJES,Runyenjes,0320,KAGAARI NORTH,Kagaari North,17286
014,EMBU,Embu,064,RUNYENJES,Runyenjes,0321,KYENI NORTH,Kyeni North,15314
014,EMBU,Embu,064,RUNYENJES,Runyenjes,0322,KYENI SOUTH,Kyeni South,17255
014,EMBU,Embu,065,MBEERE SOUTH,Mbeere South,0323,MWEA,Mwea,17232
014,EMBU,Embu,065,MBEERE SOUTH,Mbeere South,0324,MAKIMA,Makima,11753
014,EMBU,Embu,065,MBEERE SOUTH,Mbeere South,0325,MBETI SOUTH,Mbeti South,19083
014,EMBU,Embu,065,MBEERE SOUTH,Mbeere South,0326,MAVURIA,Mavuria,20627
014,EMBU,Embu,065,MBEERE SOUTH,Mbeere South,0327,KIAMBERE,Kiambere,8569
014,EMBU,Embu,066,MBEERE NORTH,Mbeere North,0328,NTHAWA,Nthawa,18882
014,EMBU,Embu,066,MBEERE NORTH,Mbeere North,0329,MUMINJI,Muminji,9849
014,EMBU,Embu,066,MBEERE NORTH,Mbeere North,0330,EVURORE,Evurore,26393
015,KITUI,Kitui,067,MWINGI NORTH,Mwingi North,0331,NGOMENI,Ngomeni,9131
015,KITUI,Kitui,067,MWINGI NORTH,Mwingi North,0332,KYUSO,Kyuso,19921
015,KITUI,Kitui,067,MWINGI NORTH,Mwingi North,0333,MUMONI,Mumoni,15877
015,KITUI,Kitui,067,MWINGI NORTH,Mwingi North,0334,TSEIKURU,Tseikuru,16471
015,KITUI,Kitui,067,MWINGI NORTH,Mwingi North,0335,THARAKA,Tharaka,7429
015,KITUI,Kitui,068,MWINGI WEST,Mwingi West,0336,KYOME/THAANA,Kyome/Thaana,14979
015,KITUI,Kitui,068,MWINGI WEST,Mwingi West,0337,NGUUTANI,Nguutani,15121
015,KITUI,Kitui,068,MWINGI WEST,Mwingi West,0338,MIGWANI,Migwani,14678
015,KITUI,Kitui,068,MWINGI WEST,Mwingi West,0339,KIOMO/KYETHANI,Kiomo/Kyethani,12360
015,KITUI,Kitui,069,MWINGI CENTRAL,Mwingi Central,0340,CENTRAL,Central,14525
015,KITUI,Kitui,069,MWINGI CENTRAL,Mwingi Central,0341,KIVOU,Kivou,12301
015,KITUI,Kitui,069,MWINGI CENTRAL,Mwingi Central,0342,NGUNI,Nguni,13165
015,KITUI,Kitui,069,MWINGI CENTRAL,Mwingi Central,0343,NUU,Nuu,12729
015,KITUI,Kitui,069,MWINGI CENTRAL,Mwingi Central,0344,MUI,Mui,11039
015,KITUI,Kitui,069,MWINGI CENTRAL,Mwingi Central,0345,WAITA,Waita,10472
015,KITUI,Kitui,070,KITUI WEST,Kitui West,0346,MUTONGUNI,Mutonguni,17979
015,KITUI,Kitui,070,KITUI WEST,Kitui West,0347,KAUWI,Kauwi,15767
015,KITUI,Kitui,070,KITUI WEST,Kitui West,0348,MATINYANI,Matinyani,14279
015,KITUI,Kitui,070,KITUI WEST,Kitui West,0349,KWA MUTONGA/KITHUMULA,Kwa Mutonga/Kithumula,11022
015,KITUI,Kitui,071,KITUI RURAL,Kitui Rural,0350,KISASI,Kisasi,13840
015,KITUI,Kitui,071,KITUI RURAL,Kitui Rural,0351,MBITINI,Mbitini,12048
015,KITUI,Kitui,071,KITUI RURAL,Kitui Rural,0352,KWAVONZA/YATTA,Kwavonza/Yatta,18020
015,KITUI,Kitui,071,KITUI RURAL,Kitui Rural,0353,KANYANGI,Kanyangi,11092
015,KITUI,Kitui,072,KITUI CENTRAL,Kitui Central,0354,MIAMBANI,Miambani,11759
015,KITUI,Kitui,072,KITUI CENTRAL,Kitui Central,0355,TOWNSHIP,Township,19538
015,KITUI,Kitui,072,KITUI CENTRAL,Kitui Central,0356,KYANGWITHYA WEST,Kyangwithya West,15931
015,KITUI,Kitui,072,KITUI CENTRAL,Kitui Central,0357,MULANGO,Mulango,15135
015,KITUI,Kitui,072,KITUI CENTRAL,Kitui Central,0358,KYANGWITHYA EAST,Kyangwithya East,15401
015,KITUI,Kitui,073,KITUI EAST,Kitui East,0359,ZOMBE/MWITIKA,Zombe/Mwitika,13152
015,KITUI,Kitui,073,KITUI EAST,Kitui East,0360,NZAMBANI,Nzambani,11723
015,KITUI,Kitui,073,KITUI EAST,Kitui East,0361,CHULUNI,Chuluni,12622
015,KITUI,Kitui,073,KITUI EAST,Kitui East,0362,VOO/KYAMATU,Voo/Kyamatu,10003
015,KITUI,Kitui,073,KITUI EAST,Kitui East,0363,ENDAU/MALALANI,Endau/Malalani,7897
015,KITUI,Kitui,073,KITUI EAST,Kitui East,0364,MUTITO/KALIKU,Mutito/Kaliku,9980
015,KITUI,Kitui,074,KITUI SOUTH,Kitui South,0365,IKANGA/KYATUNE,Ikanga/Kyatune,15384
015,KITUI,Kitui,074,KITUI SOUTH,Kitui South,0366,MUTOMO,Mutomo,12637
015,KITUI,Kitui,074,KITUI SOUTH,Kitui South,0367,MUTHA,Mutha,11039
015,KITUI,Kitui,074,KITUI SOUTH,Kitui South,0368,IKUTHA,Ikutha,12066
015,KITUI,Kitui,074,KITUI SOUTH,Kitui South,0369,KANZIKO,Kanziko,8403
015,KITUI,Kitui,074,KITUI SOUTH,Kitui South,0370,ATHI,Athi,15843
016,MACHAKOS,Machakos,075,MASINGA,Masinga,0371,KIVAA,Kivaa,18277
016,MACHAKOS,Machakos,075,MASINGA,Masinga,0372,MASINGA CENTRAL,Masinga Central,18410
016,MACHAKOS,Machakos,075,MASINGA,Masinga,0373,EKALAKALA,Ekalakala,11265
016,MACHAKOS,Machakos,075,MASINGA,Masinga,0374,MUTHESYA,Muthesya,8874
016,MACHAKOS,Machakos,075,MASINGA,Masinga,0375,NDITHINI,Ndithini,12053
016,MACHAKOS,Machakos,076,YATTA,Yatta,0376,NDALANI,Ndalani,16093
016,MACHAKOS,Machakos,076,YATTA,Yatta,0377,MATUU,Matuu,16826
016,MACHAKOS,Machakos,076,YATTA,Yatta,0378,KITHIMANI,Kithimani,19497
016,MACHAKOS,Machakos,076,YATTA,Yatta,0379,IKOMBE,Ikombe,18283
016,MACHAKOS,Machakos,076,YATTA,Yatta,0380,KATANGI,Katangi,11698
016,MACHAKOS,Machakos,077,KANGUNDO,Kangundo,0381,KANGUNDO NORTH,Kangundo North,14938
016,MACHAKOS,Machakos,077,KANGUNDO,Kangundo,0382,KANGUNDO CENTRAL,Kangundo Central,16502
016,MACHAKOS,Machakos,077,KANGUNDO,Kangundo,0383,KANGUNDO EAST,Kangundo East,13340
016,MACHAKOS,Machakos,077,KANGUNDO,Kangundo,0384,KANGUNDO WEST,Kangundo West,16016
016,MACHAKOS,Machakos,078,MATUNGULU,Matungulu,0385,TALA,Tala,18614
016,MACHAKOS,Machakos,078,MATUNGULU,Matungulu,0386,MATUNGULU NORTH,Matungulu North,12504
016,MACHAKOS,Machakos,078,MATUNGULU,Matungulu,0387,MATUNGULU EAST,Matungulu East,12826
016,MACHAKOS,Machakos,078,MATUNGULU,Matungulu,0388,MATUNGULU WEST,Matungulu West,22817
016,MACHAKOS,Machakos,078,MATUNGULU,Matungulu,0389,KYELENI,Kyeleni,9080
016,MACHAKOS,Machakos,079,KATHIANI,Kathiani,0390,MITABONI,Mitaboni,16756
016,MACHAKOS,Machakos,079,KATHIANI,Kathiani,0391,KATHIANI CENTRAL,Kathiani Central,15070
016,MACHAKOS,Machakos,079,KATHIANI,Kathiani,0392,UPPER KAEWA/IVETI,Upper Kaewa/Iveti,14314
016,MACHAKOS,Machakos,079,KATHIANI,Kathiani,0393,LOWER KAEWA/KAANI,Lower Kaewa/Kaani,14084
016,MACHAKOS,Machakos,080,MAVOKO,Mavoko,0394,ATHI RIVER,Athi River,44603
016,MACHAKOS,Machakos,080,MAVOKO,Mavoko,0395,KINANIE,Kinanie,14831
016,MACHAKOS,Machakos,080,MAVOKO,Mavoko,0396,MUTHWANI,Muthwani,24402
016,MACHAKOS,Machakos,080,MAVOKO,Mavoko,0397,SYOKIMAU/MULOLONGO,Syokimau/Mulolongo,48327
016,MACHAKOS,Machakos,081,MACHAKOS TOWN,Machakos Town,0398,KALAMA,Kalama,17173
016,MACHAKOS,Machakos,081,MACHAKOS TOWN,Machakos Town,0399,MUA,Mua,15242
016,MACHAKOS,Machakos,081,MACHAKOS TOWN,Machakos Town,0400,MUTITUNI,Mutituni,14486
016,MACHAKOS,Machakos,081,MACHAKOS TOWN,Machakos Town,0401,MACHAKOS CENTRAL,Machakos Central,28309
016,MACHAKOS,Machakos,081,MACHAKOS TOWN,Machakos Town,0402,MUMBUNI NORTH,Mumbuni North,13778
016,MACHAKOS,Machakos,081,MACHAKOS TOWN,Machakos Town,0403,MUVUTI/KIIMA-KIMWE,Muvuti/Kiima-Kimwe,17404
016,MACHAKOS,Machakos,081,MACHAKOS TOWN,Machakos Town,0404,KOLA,Kola,10975
016,MACHAKOS,Machakos,082,MWALA,Mwala,0405,MBIUNI,Mbiuni,16671
016,MACHAKOS,Machakos,082,MWALA,Mwala,0406,MAKUTANO/ MWALA,Makutano/ Mwala,17815
016,MACHAKOS,Machakos,082,MWALA,Mwala,0407,MASII,Masii,18523
016,MACHAKOS,Machakos,082,MWALA,Mwala,0408,MUTHETHENI,Muthetheni,12571
016,MACHAKOS,Machakos,082,MWALA,Mwala,0409,WAMUNYU,Wamunyu,14342
016,MACHAKOS,Machakos,082,MWALA,Mwala,0410,KIBAUNI,Kibauni,9976
017,MAKUENI,Makueni,083,MBOONI,Mbooni,0411,TULIMANI,Tulimani,18803
017,MAKUENI,Makueni,083,MBOONI,Mbooni,0412,MBOONI,Mbooni,16441
017,MAKUENI,Makueni,083,MBOONI,Mbooni,0413,KITHUNGO/KITUNDU,Kithungo/Kitundu,13472
017,MAKUENI,Makueni,083,MBOONI,Mbooni,0414,KITETA/KISAU,Kiteta/Kisau,20020
017,MAKUENI,Makueni,083,MBOONI,Mbooni,0415,WAIA-KAKO,Waia-Kako,13127
017,MAKUENI,Makueni,083,MBOONI,Mbooni,0416,KALAWA,Kalawa,14166
017,MAKUENI,Makueni,084,KILOME,Kilome,0417,KASIKEU,Kasikeu,23435
017,MAKUENI,Makueni,084,KILOME,Kilome,0418,MUKAA,Mukaa,14484
017,MAKUENI,Makueni,084,KILOME,Kilome,0419,KIIMA KIU/KALANZONI,Kiima Kiu/Kalanzoni,21259
017,MAKUENI,Makueni,085,KAITI,Kaiti,0420,UKIA,Ukia,22344
017,MAKUENI,Makueni,085,KAITI,Kaiti,0421,KEE,Kee,12212
017,MAKUENI,Makueni,085,KAITI,Kaiti,0422,KILUNGU,Kilungu,16858
017,MAKUENI,Makueni,085,KAITI,Kaiti,0423,ILIMA,Ilima,13774
017,MAKUENI,Makueni,086,MAKUENI,Makueni,0424,WOTE,Wote,19472
017,MAKUENI,Makueni,086,MAKUENI,Makueni,0425,MUVAU/KIKUUMINI,Muvau/Kikuumini,13583
017,MAKUENI,Makueni,086,MAKUENI,Makueni,0426,MAVINDINI,Mavindini,11154
017,MAKUENI,Makueni,086,MAKUENI,Makueni,0427,KITISE/KITHUKI,Kitise/Kithuki,11691
017,MAKUENI,Makueni,086,MAKUENI,Makueni,0428,KATHONZWENI,Kathonzweni,14661
017,MAKUENI,Makueni,086,MAKUENI,Makueni,0429,NZAUI/KILILI/KALAMBA,Nzaui/Kilili/Kalamba,18381
017,MAKUENI,Makueni,086,MAKUENI,Makueni,0430,MBITINI,Mbitini,13770
017,MAKUENI,Makueni,087,KIBWEZI WEST,Kibwezi West,0431,MAKINDU,Makindu,22953
017,MAKUENI,Makueni,087,KIBWEZI WEST,Kibwezi West,0432,NGUUMO,Nguumo,14185
017,MAKUENI,Makueni,087,KIBWEZI WEST,Kibwezi West,0433,KIKUMBULYU NORTH,Kikumbulyu North,9889
017,MAKUENI,Makueni,087,KIBWEZI WEST,Kibwezi West,0434,KIKUMBULYU SOUTH,Kikumbulyu South,14056
017,MAKUENI,Makueni,087,KIBWEZI WEST,Kibwezi West,0435,NGUU/MASUMBA,Nguu/Masumba,13747
017,MAKUENI,Makueni,087,KIBWEZI WEST,Kibwezi West,0436,EMALI/MULALA,Emali/Mulala,16724
017,MAKUENI,Makueni,088,KIBWEZI EAST,Kibwezi East,0437,MASONGALENI,Masongaleni,14271
017,MAKUENI,Makueni,088,KIBWEZI EAST,Kibwezi East,0438,MTITO ANDEI,Mtito Andei,17622
017,MAKUENI,Makueni,088,KIBWEZI EAST,Kibwezi East,0439,THANGE,Thange,17020
017,MAKUENI,Makueni,088,KIBWEZI EAST,Kibwezi East,0440,IVINGONI/NZAMBANI,Ivingoni/Nzambani,15827
018,NYANDARUA,Nyandarua,089,KINANGOP,Kinangop,0441,ENGINEER,Engineer,16199
018,NYANDARUA,Nyandarua,089,KINANGOP,Kinangop,0442,GATHARA,Gathara,18144
018,NYANDARUA,Nyandarua,089,KINANGOP,Kinangop,0443,NORTH KINANGOP,North Kinangop,11265
018,NYANDARUA,Nyandarua,089,KINANGOP,Kinangop,0444,MURUNGARU,Murungaru,15669
018,NYANDARUA,Nyandarua,089,KINANGOP,Kinangop,0445,NJABINI/KIBURU,Njabini/Kiburu,12793
018,NYANDARUA,Nyandarua,089,KINANGOP,Kinangop,0446,NYAKIO,Nyakio,15177
018,NYANDARUA,Nyandarua,089,KINANGOP,Kinangop,0447,GITHABAI,Githabai,11473
018,NYANDARUA,Nyandarua,089,KINANGOP,Kinangop,0448,MAGUMU,Magumu,14827
018,NYANDARUA,Nyandarua,090,KIPIPIRI,Kipipiri,0449,WANJOHI,Wanjohi,17474
018,NYANDARUA,Nyandarua,090,KIPIPIRI,Kipipiri,0450,KIPIPIRI,Kipipiri,14364
018,NYANDARUA,Nyandarua,090,KIPIPIRI,Kipipiri,0451,GETA,Geta,11098
018,NYANDARUA,Nyandarua,090,KIPIPIRI,Kipipiri,0452,GITHIORO,Githioro,11692
018,NYANDARUA,Nyandarua,091,OL KALOU,Ol Kalou,0453,KARAU,Karau,13594
018,NYANDARUA,Nyandarua,091,OL KALOU,Ol Kalou,0454,KANJUIRI RANGE,Kanjuiri Range,15596
018,NYANDARUA,Nyandarua,091,OL KALOU,Ol Kalou,0455,MIRANGINE,Mirangine,14695
018,NYANDARUA,Nyandarua,091,OL KALOU,Ol Kalou,0456,KAIMBAGA,Kaimbaga,13540
018,NYANDARUA,Nyandarua,091,OL KALOU,Ol Kalou,0457,RURII,Rurii,15572
018,NYANDARUA,Nyandarua,092,OL JOROK,Ol Jorok,0458,GATHANJI,Gathanji,12792
018,NYANDARUA,Nyandarua,092,OL JOROK,Ol Jorok,0459,GATIMU,Gatimu,14875
018,NYANDARUA,Nyandarua,092,OL JOROK,Ol Jorok,0460,WERU,Weru,18548
018,NYANDARUA,Nyandarua,092,OL JOROK,Ol Jorok,0461,CHARAGITA,Charagita,13932
018,NYANDARUA,Nyandarua,093,NDARAGWA,Ndaragwa,0462,LESHAU/PONDO,Leshau/Pondo,13842
018,NYANDARUA,Nyandarua,093,NDARAGWA,Ndaragwa,0463,KIRIITA,Kiriita,12977
018,NYANDARUA,Nyandarua,093,NDARAGWA,Ndaragwa,0464,CENTRAL,Central,18113
018,NYANDARUA,Nyandarua,093,NDARAGWA,Ndaragwa,0465,SHAMATA,Shamata,12914
019,NYERI,Nyeri,094,TETU,Tetu,0466,DEDAN KIMANTHI,Dedan Kimanthi,14401
019,NYERI,Nyeri,094,TETU,Tetu,0467,WAMAGANA,Wamagana,22275
019,NYERI,Nyeri,094,TETU,Tetu,0468,AGUTHI-GAAKI,Aguthi-Gaaki,18310
019,NYERI,Nyeri,095,KIENI,Kieni,0469,MWEIGA,Mweiga,12064
019,NYERI,Nyeri,095,KIENI,Kieni,0470,NAROMORU KIAMATHAGA,Naromoru Kiamathaga,17731
019,NYERI,Nyeri,095,KIENI,Kieni,0471,MWIYOGO/ENDARASHA,Mwiyogo/Endarasha,12691
019,NYERI,Nyeri,095,KIENI,Kieni,0472,MUGUNDA,Mugunda,16080
019,NYERI,Nyeri,095,KIENI,Kieni,0473,GATARAKWA,Gatarakwa,12086
019,NYERI,Nyeri,095,KIENI,Kieni,0474,THEGU RIVER,Thegu River,16778
019,NYERI,Nyeri,095,KIENI,Kieni,0475,KABARU,Kabaru,13280
019,NYERI,Nyeri,095,KIENI,Kieni,0476,GAKAWA,Gakawa,13863
019,NYERI,Nyeri,096,MATHIRA,Mathira,0477,RUGURU,Ruguru,14670
019,NYERI,Nyeri,096,MATHIRA,Mathira,0478,MAGUTU,Magutu,13383
019,NYERI,Nyeri,096,MATHIRA,Mathira,0479,IRIAINI,Iriaini,18020
019,NYERI,Nyeri,096,MATHIRA,Mathira,0480,KONYU,Konyu,13428
019,NYERI,Nyeri,096,MATHIRA,Mathira,0481,KIRIMUKUYU,Kirimukuyu,18171
019,NYERI,Nyeri,096,MATHIRA,Mathira,0482,KARATINA TOWN,Karatina Town,26820
019,NYERI,Nyeri,097,OTHAYA,Othaya,0483,MAHIGA,Mahiga,15138
019,NYERI,Nyeri,097,OTHAYA,Othaya,0484,IRIA-INI,Iria-Ini,19309
019,NYERI,Nyeri,097,OTHAYA,Othaya,0485,CHINGA,Chinga,15143
019,NYERI,Nyeri,097,OTHAYA,Othaya,0486,KARIMA,Karima,12289
019,NYERI,Nyeri,098,MUKURWEINI,Mukurweini,0487,GIKONDI,Gikondi,12644
019,NYERI,Nyeri,098,MUKURWEINI,Mukurweini,0488,RUGI,Rugi,13959
019,NYERI,Nyeri,098,MUKURWEINI,Mukurweini,0489,MUKURWE-INI WEST,Mukurwe-Ini West,12801
019,NYERI,Nyeri,098,MUKURWEINI,Mukurweini,0490,MUKURWE-INI CENTRAL,Mukurwe-Ini Central,19130
019,NYERI,Nyeri,099,NYERI TOWN,Nyeri Town,0491,KIGANJO/MATHARI,Kiganjo/Mathari,15985
019,NYERI,Nyeri,099,NYERI TOWN,Nyeri Town,0492,RWARE,Rware,29246
019,NYERI,Nyeri,099,NYERI TOWN,Nyeri Town,0493,GATITU/MURUGURU,Gatitu/Muruguru,11363
019,NYERI,Nyeri,099,NYERI TOWN,Nyeri Town,0494,RURING'U,Ruring'u,13780
019,NYERI,Nyeri,099,NYERI TOWN,Nyeri Town,0495,KAMAKWA/MUKARO,Kamakwa/Mukaro,16794
020,KIRINYAGA,Kirinyaga,100,MWEA,Mwea,0496,MUTITHI,Mutithi,19226
020,KIRINYAGA,Kirinyaga,100,MWEA,Mwea,0497,KANGAI,Kangai,12568
020,KIRINYAGA,Kirinyaga,100,MWEA,Mwea,0498,THIBA,Thiba,15157
020,KIRINYAGA,Kirinyaga,100,MWEA,Mwea,0499,WAMUMU,Wamumu,12249
020,KIRINYAGA,Kirinyaga,100,MWEA,Mwea,0500,NYANGATI,Nyangati,17095
020,KIRINYAGA,Kirinyaga,100,MWEA,Mwea,0501,MURINDUKO,Murinduko,18935
020,KIRINYAGA,Kirinyaga,100,MWEA,Mwea,0502,GATHIGIRIRI,Gathigiriri,11993
020,KIRINYAGA,Kirinyaga,100,MWEA,Mwea,0503,TEBERE,Tebere,24491
020,KIRINYAGA,Kirinyaga,101,GICHUGU,Gichugu,0504,KABARE,Kabare,27559
020,KIRINYAGA,Kirinyaga,101,GICHUGU,Gichugu,0505,BARAGWI,Baragwi,16311
020,KIRINYAGA,Kirinyaga,101,GICHUGU,Gichugu,0506,NJUKIINI,Njukiini,16338
020,KIRINYAGA,Kirinyaga,101,GICHUGU,Gichugu,0507,NGARIAMA,Ngariama,13976
020,KIRINYAGA,Kirinyaga,101,GICHUGU,Gichugu,0508,KARUMANDI,Karumandi,18311
020,KIRINYAGA,Kirinyaga,102,NDIA,Ndia,0509,MUKURE,Mukure,22087
020,KIRINYAGA,Kirinyaga,102,NDIA,Ndia,0510,KIINE,Kiine,27843
020,KIRINYAGA,Kirinyaga,102,NDIA,Ndia,0511,KARITI,Kariti,19813
020,KIRINYAGA,Kirinyaga,103,KIRINYAGA CENTRAL,Kirinyaga Central,0512,MUTIRA,Mutira,18169
020,KIRINYAGA,Kirinyaga,103,KIRINYAGA CENTRAL,Kirinyaga Central,0513,KANYEKINI,Kanyekini,21863
020,KIRINYAGA,Kirinyaga,103,KIRINYAGA CENTRAL,Kirinyaga Central,0514,KERUGOYA,Kerugoya,24745
020,KIRINYAGA,Kirinyaga,103,KIRINYAGA CENTRAL,Kirinyaga Central,0515,INOI,Inoi,17272
021,MURANG'A,Murang'a,104,KANGEMA,Kangema,0516,KANYENYA-INI,Kanyenya-Ini,15567
021,MURANG'A,Murang'a,104,KANGEMA,Kangema,0517,MUGURU,Muguru,23583
021,MURANG'A,Murang'a,104,KANGEMA,Kangema,0518,RWATHIA,Rwathia,12852
021,MURANG'A,Murang'a,105,MATHIOYA,Mathioya,0519,GITUGI,Gitugi,20421
021,MURANG'A,Murang'a,105,MATHIOYA,Mathioya,0520,KIRU,Kiru,22212
021,MURANG'A,Murang'a,105,MATHIOYA,Mathioya,0521,KAMACHARIA,Kamacharia,15469
021,MURANG'A,Murang'a,106,KIHARU,Kiharu,0522,WANGU,Wangu,17355
021,MURANG'A,Murang'a,106,KIHARU,Kiharu,0523,MUGOIRI,Mugoiri,19001
021,MURANG'A,Murang'a,106,KIHARU,Kiharu,0524,MBIRI,Mbiri,20473
021,MURANG'A,Murang'a,106,KIHARU,Kiharu,0525,TOWNSHIP,Township,24462
021,MURANG'A,Murang'a,106,KIHARU,Kiharu,0526,MURARANDIA,Murarandia,17998
021,MURANG'A,Murang'a,106,KIHARU,Kiharu,0527,GATURI,Gaturi,20100
021,MURANG'A,Murang'a,107,KIGUMO,Kigumo,0528,KAHUMBU,Kahumbu,11652
021,MURANG'A,Murang'a,107,KIGUMO,Kigumo,0529,MUTHITHI,Muthithi,14559
021,MURANG'A,Murang'a,107,KIGUMO,Kigumo,0530,KIGUMO,Kigumo,15527
021,MURANG'A,Murang'a,107,KIGUMO,Kigumo,0531,KANGARI,Kangari,22170
021,MURANG'A,Murang'a,107,KIGUMO,Kigumo,0532,KINYONA,Kinyona,18701
021,MURANG'A,Murang'a,108,MARAGWA,Maragwa,0533,KIMORORI/WEMPA,Kimorori/Wempa,26433
021,MURANG'A,Murang'a,108,MARAGWA,Maragwa,0534,MAKUYU,Makuyu,16588
021,MURANG'A,Murang'a,108,MARAGWA,Maragwa,0535,KAMBITI,Kambiti,13186
021,MURANG'A,Murang'a,108,MARAGWA,Maragwa,0536,KAMAHUHA,Kamahuha,16236
021,MURANG'A,Murang'a,108,MARAGWA,Maragwa,0537,ICHAGAKI,Ichagaki,13524
021,MURANG'A,Murang'a,108,MARAGWA,Maragwa,0538,NGINDA,Nginda,16416
021,MURANG'A,Murang'a,109,KANDARA,Kandara,0539,NG'ARARIA,Ng'araria,13776
021,MURANG'A,Murang'a,109,KANDARA,Kandara,0540,MURUKA,Muruka,16240
021,MURANG'A,Murang'a,109,KANDARA,Kandara,0541,KAGUNDU-INI,Kagundu-Ini,19129
021,MURANG'A,Murang'a,109,KANDARA,Kandara,0542,GAICHANJIRU,Gaichanjiru,16280
021,MURANG'A,Murang'a,109,KANDARA,Kandara,0543,ITHIRU,Ithiru,18335
021,MURANG'A,Murang'a,109,KANDARA,Kandara,0544,RUCHU,Ruchu,21388
021,MURANG'A,Murang'a,110,GATANGA,Gatanga,0545,ITHANGA,Ithanga,11310
021,MURANG'A,Murang'a,110,GATANGA,Gatanga,0546,KAKUZI/MITUBIRI,Kakuzi/Mitubiri,15291
021,MURANG'A,Murang'a,110,GATANGA,Gatanga,0547,MUGUMO-INI,Mugumo-Ini,14252
021,MURANG'A,Murang'a,110,GATANGA,Gatanga,0548,KIHUMBU-INI,Kihumbu-Ini,17142
021,MURANG'A,Murang'a,110,GATANGA,Gatanga,0549,GATANGA,Gatanga,16842
021,MURANG'A,Murang'a,110,GATANGA,Gatanga,0550,KARIARA,Kariara,26459
022,KIAMBU,Kiambu,111,GATUNDU SOUTH,Gatundu South,0551,KIAMWANGI,Kiamwangi,13808
022,KIAMBU,Kiambu,111,GATUNDU SOUTH,Gatundu South,0552,KIGANJO,Kiganjo,19067
022,KIAMBU,Kiambu,111,GATUNDU SOUTH,Gatundu South,0553,NDARUGU,Ndarugu,14486
022,KIAMBU,Kiambu,111,GATUNDU SOUTH,Gatundu South,0554,NGENDA,Ngenda,32499
022,KIAMBU,Kiambu,112,GATUNDU NORTH,Gatundu North,0555,GITUAMBA,Gituamba,19246
022,KIAMBU,Kiambu,112,GATUNDU NORTH,Gatundu North,0556,GITHOBOKONI,Githobokoni,15208
022,KIAMBU,Kiambu,112,GATUNDU NORTH,Gatundu North,0557,CHANIA,Chania,18324
022,KIAMBU,Kiambu,112,GATUNDU NORTH,Gatundu North,0558,MANG'U,Mang'u,19032
022,KIAMBU,Kiambu,113,JUJA,Juja,0559,MURERA,Murera,18075
022,KIAMBU,Kiambu,113,JUJA,Juja,0560,THETA,Theta,31397
022,KIAMBU,Kiambu,113,JUJA,Juja,0561,JUJA,Juja,36666
022,KIAMBU,Kiambu,113,JUJA,Juja,0562,WITEITHIE,Witeithie,25933
022,KIAMBU,Kiambu,113,JUJA,Juja,0563,KALIMONI,Kalimoni,22567
022,KIAMBU,Kiambu,114,THIKA TOWN,Thika Town,0564,TOWNSHIP,Township,44623
022,KIAMBU,Kiambu,114,THIKA TOWN,Thika Town,0565,KAMENU,Kamenu,55315
022,KIAMBU,Kiambu,114,THIKA TOWN,Thika Town,0566,HOSPITAL,Hospital,33423
022,KIAMBU,Kiambu,114,THIKA TOWN,Thika Town,0567,GATUANYAGA,Gatuanyaga,12555
022,KIAMBU,Kiambu,114,THIKA TOWN,Thika Town,0568,NGOLIBA,Ngoliba,10102
022,KIAMBU,Kiambu,115,RUIRU,Ruiru,0569,GITOTHUA,Gitothua,16154
022,KIAMBU,Kiambu,115,RUIRU,Ruiru,0570,BIASHARA,Biashara,38706
022,KIAMBU,Kiambu,115,RUIRU,Ruiru,0571,GATONGORA,Gatongora,15760
022,KIAMBU,Kiambu,115,RUIRU,Ruiru,0572,KAHAWA SUKARI,Kahawa Sukari,11697
022,KIAMBU,Kiambu,115,RUIRU,Ruiru,0573,KAHAWA WENDANI,Kahawa Wendani,17183
022,KIAMBU,Kiambu,115,RUIRU,Ruiru,0574,KIUU,Kiuu,25920
022,KIAMBU,Kiambu,115,RUIRU,Ruiru,0575,MWIKI,Mwiki,32582
022,KIAMBU,Kiambu,115,RUIRU,Ruiru,0576,MWIHOKO,Mwihoko,14086
022,KIAMBU,Kiambu,116,GITHUNGURI,Githunguri,0577,GITHUNGURI,Githunguri,27596
022,KIAMBU,Kiambu,116,GITHUNGURI,Githunguri,0578,GITHIGA,Githiga,20616
022,KIAMBU,Kiambu,116,GITHUNGURI,Githunguri,0579,IKINU,Ikinu,17450
022,KIAMBU,Kiambu,116,GITHUNGURI,Githunguri,0580,NGEWA,Ngewa,18876
022,KIAMBU,Kiambu,116,GITHUNGURI,Githunguri,0581,KOMOTHAI,Komothai,20054
022,KIAMBU,Kiambu,117,KIAMBU,Kiambu,0582,TING'ANG'A,Ting'ang'a,14457
022,KIAMBU,Kiambu,117,KIAMBU,Kiambu,0583,NDUMBERI,Ndumberi,22095
022,KIAMBU,Kiambu,117,KIAMBU,Kiambu,0584,RIABAI,Riabai,15896
022,KIAMBU,Kiambu,117,KIAMBU,Kiambu,0585,TOWNSHIP,Township,34538
022,KIAMBU,Kiambu,118,KIAMBAA,Kiambaa,0586,CIANDA,Cianda,12842
022,KIAMBU,Kiambu,118,KIAMBAA,Kiambaa,0587,KARURI,Karuri,23677
022,KIAMBU,Kiambu,118,KIAMBAA,Kiambaa,0588,NDENDERU,Ndenderu,28523
022,KIAMBU,Kiambu,118,KIAMBAA,Kiambaa,0589,MUCHATHA,Muchatha,19412
022,KIAMBU,Kiambu,118,KIAMBAA,Kiambaa,0590,KIHARA,Kihara,19814
022,KIAMBU,Kiambu,119,KABETE,Kabete,0591,GITARU,Gitaru,18481
022,KIAMBU,Kiambu,119,KABETE,Kabete,0592,MUGUGA,Muguga,19681
022,KIAMBU,Kiambu,119,KABETE,Kabete,0593,NYADHUNA,Nyadhuna,21701
022,KIAMBU,Kiambu,119,KABETE,Kabete,0594,KABETE,Kabete,20571
022,KIAMBU,Kiambu,119,KABETE,Kabete,0595,UTHIRU,Uthiru,11341
022,KIAMBU,Kiambu,120,KIKUYU,Kikuyu,0596,KARAI,Karai,15710
022,KIAMBU,Kiambu,120,KIKUYU,Kikuyu,0597,NACHU,Nachu,14044
022,KIAMBU,Kiambu,120,KIKUYU,Kikuyu,0598,SIGONA,Sigona,19571
022,KIAMBU,Kiambu,120,KIKUYU,Kikuyu,0599,KIKUYU,Kikuyu,30130
022,KIAMBU,Kiambu,120,KIKUYU,Kikuyu,0600,KINOO,Kinoo,19303
022,KIAMBU,Kiambu,121,LIMURU,Limuru,0601,BIBIRIONI,Bibirioni,14044
022,KIAMBU,Kiambu,121,LIMURU,Limuru,0602,LIMURU CENTRAL,Limuru Central,26587
022,KIAMBU,Kiambu,121,LIMURU,Limuru,0603,NDEIYA,Ndeiya,17035
022,KIAMBU,Kiambu,121,LIMURU,Limuru,0604,LIMURU EAST,Limuru East,17375
022,KIAMBU,Kiambu,121,LIMURU,Limuru,0605,NGECHA TIGONI,Ngecha Tigoni,17978
022,KIAMBU,Kiambu,122,LARI,Lari,0606,KINALE,Kinale,16503
022,KIAMBU,Kiambu,122,LARI,Lari,0607,KIJABE,Kijabe,19124
022,KIAMBU,Kiambu,122,LARI,Lari,0608,NYANDUMA,Nyanduma,14572
022,KIAMBU,Kiambu,122,LARI,Lari,0609,KAMBURU,Kamburu,12018
022,KIAMBU,Kiambu,122,LARI,Lari,0610,LARI/KIRENGA,Lari/Kirenga,18979
023,TURKANA,Turkana,123,TURKANA NORTH,Turkana North,0611,KAERIS,Kaeris,6586
023,TURKANA,Turkana,123,TURKANA NORTH,Turkana North,0612,LAKE ZONE,Lake Zone,10896
023,TURKANA,Turkana,123,TURKANA NORTH,Turkana North,0613,LAPUR,Lapur,7188
023,TURKANA,Turkana,123,TURKANA NORTH,Turkana North,0614,KAALENG/KAIKOR,Kaaleng/Kaikor,8148
023,TURKANA,Turkana,123,TURKANA NORTH,Turkana North,0615,KIBISH,Kibish,3684
023,TURKANA,Turkana,123,TURKANA NORTH,Turkana North,0616,NAKALALE,Nakalale,6435
023,TURKANA,Turkana,124,TURKANA WEST,Turkana West,0617,KAKUMA,Kakuma,12153
023,TURKANA,Turkana,124,TURKANA WEST,Turkana West,0618,LOPUR,Lopur,5697
023,TURKANA,Turkana,124,TURKANA WEST,Turkana West,0619,LETEA,Letea,5348
023,TURKANA,Turkana,124,TURKANA WEST,Turkana West,0620,SONGOT,Songot,4733
023,TURKANA,Turkana,124,TURKANA WEST,Turkana West,0621,KALOBEYEI,Kalobeyei,5099
023,TURKANA,Turkana,124,TURKANA WEST,Turkana West,0622,LOKICHOGGIO,Lokichoggio,5490
023,TURKANA,Turkana,124,TURKANA WEST,Turkana West,0623,NANAAM,Nanaam,4153
023,TURKANA,Turkana,125,TURKANA CENTRAL,Turkana Central,0624,KERIO DELTA,Kerio Delta,10672
023,TURKANA,Turkana,125,TURKANA CENTRAL,Turkana Central,0625,KANG'ATOTHA,Kang'atotha,7625
023,TURKANA,Turkana,125,TURKANA CENTRAL,Turkana Central,0626,KALOKOL,Kalokol,9179
023,TURKANA,Turkana,125,TURKANA CENTRAL,Turkana Central,0627,LODWAR TOWNSHIP,Lodwar Township,17273
023,TURKANA,Turkana,125,TURKANA CENTRAL,Turkana Central,0628,KANAMKEMER,Kanamkemer,11222
023,TURKANA,Turkana,126,LOIMA,Loima,0629,KOTARUK/LOBEI,Kotaruk/Lobei,8174
023,TURKANA,Turkana,126,LOIMA,Loima,0630,TURKWEL,Turkwel,19528
023,TURKANA,Turkana,126,LOIMA,Loima,0631,LOIMA,Loima,3978
023,TURKANA,Turkana,126,LOIMA,Loima,0632,LOKIRIAMA/LORENGIPPI,Lokiriama/Lorengippi,4835
023,TURKANA,Turkana,127,TURKANA SOUTH,Turkana South,0633,KAPUTIR,Kaputir,4123
023,TURKANA,Turkana,127,TURKANA SOUTH,Turkana South,0634,KATILU,Katilu,13254
023,TURKANA,Turkana,127,TURKANA SOUTH,Turkana South,0635,LOBOKAT,Lobokat,4259
023,TURKANA,Turkana,127,TURKANA SOUTH,Turkana South,0636,KALAPATA,Kalapata,4329
023,TURKANA,Turkana,127,TURKANA SOUTH,Turkana South,0637,LOKICHAR,Lokichar,14467
023,TURKANA,Turkana,128,TURKANA EAST,Turkana East,0638,KAPEDO/NAPEITOM,Kapedo/Napeitom,3721
023,TURKANA,Turkana,128,TURKANA EAST,Turkana East,0639,KATILIA,Katilia,6357
023,TURKANA,Turkana,128,TURKANA EAST,Turkana East,0640,LOKORI/KOCHODIN,Lokori/Kochodin,9922
024,WEST POKOT,West Pokot,129,KAPENGURIA,Kapenguria,0641,RIWO,Riwo,13552
024,WEST POKOT,West Pokot,129,KAPENGURIA,Kapenguria,0642,KAPENGURIA,Kapenguria,12074
024,WEST POKOT,West Pokot,129,KAPENGURIA,Kapenguria,0643,MNAGEI,Mnagei,18201
024,WEST POKOT,West Pokot,129,KAPENGURIA,Kapenguria,0644,SIYOI,Siyoi,8279
024,WEST POKOT,West Pokot,129,KAPENGURIA,Kapenguria,0645,ENDUGH,Endugh,8360
024,WEST POKOT,West Pokot,129,KAPENGURIA,Kapenguria,0646,SOOK,Sook,6074
024,WEST POKOT,West Pokot,130,SIGOR,Sigor,0647,SEKERR,Sekerr,9432
024,WEST POKOT,West Pokot,130,SIGOR,Sigor,0648,MASOOL,Masool,8187
024,WEST POKOT,West Pokot,130,SIGOR,Sigor,0649,LOMUT,Lomut,12395
024,WEST POKOT,West Pokot,130,SIGOR,Sigor,0650,WEIWEI,Weiwei,13920
024,WEST POKOT,West Pokot,131,KACHELIBA,Kacheliba,0651,SUAM,Suam,8262
024,WEST POKOT,West Pokot,131,KACHELIBA,Kacheliba,0652,KODICH,Kodich,8354
024,WEST POKOT,West Pokot,131,KACHELIBA,Kacheliba,0653,KASEI,Kasei,7384
024,WEST POKOT,West Pokot,131,KACHELIBA,Kacheliba,0654,KAPCHOK,Kapchok,7416
024,WEST POKOT,West Pokot,131,KACHELIBA,Kacheliba,0655,KIWAWA,Kiwawa,8658
024,WEST POKOT,West Pokot,131,KACHELIBA,Kacheliba,0656,ALALE,Alale,11072
024,WEST POKOT,West Pokot,132,POKOT SOUTH,Pokot South,0657,CHEPARERIA,Chepareria,18494
024,WEST POKOT,West Pokot,132,POKOT SOUTH,Pokot South,0658,BATEI,Batei,13075
024,WEST POKOT,West Pokot,132,POKOT SOUTH,Pokot South,0659,LELAN,Lelan,15095
024,WEST POKOT,West Pokot,132,POKOT SOUTH,Pokot South,0660,TAPACH,Tapach,11742
025,SAMBURU,Samburu,133,SAMBURU WEST,Samburu West,0661,LODOKEJEK,Lodokejek,7458
025,SAMBURU,Samburu,133,SAMBURU WEST,Samburu West,0662,SUGUTA MARMAR,Suguta Marmar,7199
025,SAMBURU,Samburu,133,SAMBURU WEST,Samburu West,0663,MARALAL,Maralal,17580
025,SAMBURU,Samburu,133,SAMBURU WEST,Samburu West,0664,LOOSUK,Loosuk,5280
025,SAMBURU,Samburu,133,SAMBURU WEST,Samburu West,0665,PORO,Poro,5873
025,SAMBURU,Samburu,134,SAMBURU NORTH,Samburu North,0666,EL-BARTA,El-Barta,5678
025,SAMBURU,Samburu,134,SAMBURU NORTH,Samburu North,0667,NACHOLA,Nachola,3194
025,SAMBURU,Samburu,134,SAMBURU NORTH,Samburu North,0668,NDOTO,Ndoto,6088
025,SAMBURU,Samburu,134,SAMBURU NORTH,Samburu North,0669,NYIRO,Nyiro,5779
025,SAMBURU,Samburu,134,SAMBURU NORTH,Samburu North,0670,ANGATA NANYOKIE,Angata Nanyokie,4204
025,SAMBURU,Samburu,134,SAMBURU NORTH,Samburu North,0671,BAAWA,Baawa,4887
025,SAMBURU,Samburu,135,SAMBURU EAST,Samburu East,0672,WASO,Waso,6707
025,SAMBURU,Samburu,135,SAMBURU EAST,Samburu East,0673,WAMBA WEST,Wamba West,6816
025,SAMBURU,Samburu,135,SAMBURU EAST,Samburu East,0674,WAMBA EAST,Wamba East,8017
025,SAMBURU,Samburu,135,SAMBURU EAST,Samburu East,0675,WAMBA NORTH,Wamba North,5254
026,TRANS NZOIA,Trans Nzoia,136,KWANZA,Kwanza,0676,KAPOMBOI,Kapomboi,21873
026,TRANS NZOIA,Trans Nzoia,136,KWANZA,Kwanza,0677,KWANZA,Kwanza,21487
026,TRANS NZOIA,Trans Nzoia,136,KWANZA,Kwanza,0678,KEIYO,Keiyo,14969
026,TRANS NZOIA,Trans Nzoia,136,KWANZA,Kwanza,0679,BIDII,Bidii,17510
026,TRANS NZOIA,Trans Nzoia,137,ENDEBESS,Endebess,0680,CHEPCHOINA,Chepchoina,19068
026,TRANS NZOIA,Trans Nzoia,137,ENDEBESS,Endebess,0681,ENDEBESS,Endebess,15467
026,TRANS NZOIA,Trans Nzoia,137,ENDEBESS,Endebess,0682,MATUMBEI,Matumbei,16153
026,TRANS NZOIA,Trans Nzoia,138,SABOTI,Saboti,0683,KINYORO,Kinyoro,17994
026,TRANS NZOIA,Trans Nzoia,138,SABOTI,Saboti,0684,MATISI,Matisi,26038
026,TRANS NZOIA,Trans Nzoia,138,SABOTI,Saboti,0685,TUWANI,Tuwani,20232
026,TRANS NZOIA,Trans Nzoia,138,SABOTI,Saboti,0686,SABOTI,Saboti,14202
026,TRANS NZOIA,Trans Nzoia,138,SABOTI,Saboti,0687,MACHEWA,Machewa,8918
026,TRANS NZOIA,Trans Nzoia,139,KIMININI,Kiminini,0688,KIMININI,Kiminini,17302
026,TRANS NZOIA,Trans Nzoia,139,KIMININI,Kiminini,0689,WAITALUK,Waitaluk,18759
026,TRANS NZOIA,Trans Nzoia,139,KIMININI,Kiminini,0690,SIRENDE,Sirende,12311
026,TRANS NZOIA,Trans Nzoia,139,KIMININI,Kiminini,0691,HOSPITAL,Hospital,14565
026,TRANS NZOIA,Trans Nzoia,139,KIMININI,Kiminini,0692,SIKHENDU,Sikhendu,11573
026,TRANS NZOIA,Trans Nzoia,139,KIMININI,Kiminini,0693,NABISWA,Nabiswa,18730
026,TRANS NZOIA,Trans Nzoia,140,CHERANGANY,Cherangany,0694,SINYERERE,Sinyerere,11603
026,TRANS NZOIA,Trans Nzoia,140,CHERANGANY,Cherangany,0695,MAKUTANO,Makutano,9318
026,TRANS NZOIA,Trans Nzoia,140,CHERANGANY,Cherangany,0696,KAPLAMAI,Kaplamai,13319
026,TRANS NZOIA,Trans Nzoia,140,CHERANGANY,Cherangany,0697,MOTOSIET,Motosiet,15528
026,TRANS NZOIA,Trans Nzoia,140,CHERANGANY,Cherangany,0698,CHERANGANY/SUWERWA,Cherangany/Suwerwa,16734
026,TRANS NZOIA,Trans Nzoia,140,CHERANGANY,Cherangany,0699,CHEPSIRO/KIPTOROR,Chepsiro/Kiptoror,11725
026,TRANS NZOIA,Trans Nzoia,140,CHERANGANY,Cherangany,0700,SITATUNGA,Sitatunga,13603
027,UASIN GISHU,Uasin Gishu,141,SOY,Soy,0701,MOI'S BRIDGE,Moi's Bridge,12754
027,UASIN GISHU,Uasin Gishu,141,SOY,Soy,0702,KAPKURES,Kapkures,9020
027,UASIN GISHU,Uasin Gishu,141,SOY,Soy,0703,ZIWA,Ziwa,17523
027,UASIN GISHU,Uasin Gishu,141,SOY,Soy,0704,SEGERO/BARSOMBE,Segero/Barsombe,13972
027,UASIN GISHU,Uasin Gishu,141,SOY,Soy,0705,KIPSOMBA,Kipsomba,9928
027,UASIN GISHU,Uasin Gishu,141,SOY,Soy,0706,SOY,Soy,11500
027,UASIN GISHU,Uasin Gishu,141,SOY,Soy,0707,KUINET/KAPSUSWA,Kuinet/Kapsuswa,18005
027,UASIN GISHU,Uasin Gishu,142,TURBO,Turbo,0708,NGENYILEL,Ngenyilel,13131
027,UASIN GISHU,Uasin Gishu,142,TURBO,Turbo,0709,TAPSAGOI,Tapsagoi,16483
027,UASIN GISHU,Uasin Gishu,142,TURBO,Turbo,0710,KAMAGUT,Kamagut,16462
027,UASIN GISHU,Uasin Gishu,142,TURBO,Turbo,0711,KIPLOMBE,Kiplombe,26347
027,UASIN GISHU,Uasin Gishu,142,TURBO,Turbo,0712,KAPSAOS,Kapsaos,16119
027,UASIN GISHU,Uasin Gishu,142,TURBO,Turbo,0713,HURUMA,Huruma,31660
027,UASIN GISHU,Uasin Gishu,143,MOIBEN,Moiben,0714,TEMBELIO,Tembelio,15237
027,UASIN GISHU,Uasin Gishu,143,MOIBEN,Moiben,0715,SERGOIT,Sergoit,10267
027,UASIN GISHU,Uasin Gishu,143,MOIBEN,Moiben,0716,KARUNA/MEIBEKI,Karuna/Meibeki,12979
027,UASIN GISHU,Uasin Gishu,143,MOIBEN,Moiben,0717,MOIBEN,Moiben,14350
027,UASIN GISHU,Uasin Gishu,143,MOIBEN,Moiben,0718,KIMUMU,Kimumu,25044
027,UASIN GISHU,Uasin Gishu,144,AINABKOI,Ainabkoi,0719,KAPSOYA,Kapsoya,23578
027,UASIN GISHU,Uasin Gishu,144,AINABKOI,Ainabkoi,0720,KAPTAGAT,Kaptagat,19923
027,UASIN GISHU,Uasin Gishu,144,AINABKOI,Ainabkoi,0721,AINABKOI/OLARE,Ainabkoi/Olare,19105
027,UASIN GISHU,Uasin Gishu,145,KAPSERET,Kapseret,0722,SIMAT/KAPSERET,Simat/Kapseret,15275
027,UASIN GISHU,Uasin Gishu,145,KAPSERET,Kapseret,0723,KIPKENYO,Kipkenyo,15509
027,UASIN GISHU,Uasin Gishu,145,KAPSERET,Kapseret,0724,NGERIA,Ngeria,11103
027,UASIN GISHU,Uasin Gishu,145,KAPSERET,Kapseret,0725,MEGUN,Megun,8159
027,UASIN GISHU,Uasin Gishu,145,KAPSERET,Kapseret,0726,LANGAS,Langas,24763
027,UASIN GISHU,Uasin Gishu,146,KESSES,Kesses,0727,RACECOURSE,Racecourse,20872
027,UASIN GISHU,Uasin Gishu,146,KESSES,Kesses,0728,CHEPTIRET/KIPCHAMO,Cheptiret/Kipchamo,16723
027,UASIN GISHU,Uasin Gishu,146,KESSES,Kesses,0729,TULWET/CHUIYAT,Tulwet/Chuiyat,20134
027,UASIN GISHU,Uasin Gishu,146,KESSES,Kesses,0730,TARAKWA,Tarakwa,20213
028,ELGEYO/MARAKWET,Elgeyo/Marakwet,147,MARAKWET EAST,Marakwet East,0731,KAPYEGO,Kapyego,8415
028,ELGEYO/MARAKWET,Elgeyo/Marakwet,147,MARAKWET EAST,Marakwet East,0732,SAMBIRIR,Sambirir,13394
028,ELGEYO/MARAKWET,Elgeyo/Marakwet,147,MARAKWET EAST,Marakwet East,0733,ENDO,Endo,14238
028,ELGEYO/MARAKWET,Elgeyo/Marakwet,147,MARAKWET EAST,Marakwet East,0734,EMBOBUT / EMBULOT,Embobut / Embulot,7625
028,ELGEYO/MARAKWET,Elgeyo/Marakwet,148,MARAKWET WEST,Marakwet West,0735,LELAN,Lelan,10081
028,ELGEYO/MARAKWET,Elgeyo/Marakwet,148,MARAKWET WEST,Marakwet West,0736,SENGWER,Sengwer,9603
028,ELGEYO/MARAKWET,Elgeyo/Marakwet,148,MARAKWET WEST,Marakwet West,0737,CHERANG'ANY/CHEBORORWA,Cherang'any/Chebororwa,9679
028,ELGEYO/MARAKWET,Elgeyo/Marakwet,148,MARAKWET WEST,Marakwet West,0738,MOIBEN/KUSERWO,Moiben/Kuserwo,10775
028,ELGEYO/MARAKWET,Elgeyo/Marakwet,148,MARAKWET WEST,Marakwet West,0739,KAPSOWAR,Kapsowar,13187
028,ELGEYO/MARAKWET,Elgeyo/Marakwet,148,MARAKWET WEST,Marakwet West,0740,ARROR,Arror,5243
028,ELGEYO/MARAKWET,Elgeyo/Marakwet,149,KEIYO NORTH,Keiyo North,0741,EMSOO,Emsoo,6461
028,ELGEYO/MARAKWET,Elgeyo/Marakwet,149,KEIYO NORTH,Keiyo North,0742,KAMARINY,Kamariny,17416
028,ELGEYO/MARAKWET,Elgeyo/Marakwet,149,KEIYO NORTH,Keiyo North,0743,KAPCHEMUTWA,Kapchemutwa,15672
028,ELGEYO/MARAKWET,Elgeyo/Marakwet,149,KEIYO NORTH,Keiyo North,0744,TAMBACH,Tambach,9698
028,ELGEYO/MARAKWET,Elgeyo/Marakwet,150,KEIYO SOUTH,Keiyo South,0745,KAPTARAKWA,Kaptarakwa,10426
028,ELGEYO/MARAKWET,Elgeyo/Marakwet,150,KEIYO SOUTH,Keiyo South,0746,CHEPKORIO,Chepkorio,14294
028,ELGEYO/MARAKWET,Elgeyo/Marakwet,150,KEIYO SOUTH,Keiyo South,0747,SOY NORTH,Soy North,9194
028,ELGEYO/MARAKWET,Elgeyo/Marakwet,150,KEIYO SOUTH,Keiyo South,0748,SOY SOUTH,Soy South,10367
028,ELGEYO/MARAKWET,Elgeyo/Marakwet,150,KEIYO SOUTH,Keiyo South,0749,KABIEMIT,Kabiemit,10136
028,ELGEYO/MARAKWET,Elgeyo/Marakwet,150,KEIYO SOUTH,Keiyo South,0750,METKEI,Metkei,7980
029,NANDI,Nandi,151,TINDERET,Tinderet,0751,SONGHOR/SOBA,Songhor/Soba,19275
029,NANDI,Nandi,151,TINDERET,Tinderet,0752,TINDIRET,Tindiret,14259
029,NANDI,Nandi,151,TINDERET,Tinderet,0753,CHEMELIL/CHEMASE,Chemelil/Chemase,8377
029,NANDI,Nandi,151,TINDERET,Tinderet,0754,KAPSIMOTWO,Kapsimotwo,9535
029,NANDI,Nandi,152,ALDAI,Aldai,0755,KABWARENG,Kabwareng,11616
029,NANDI,Nandi,152,ALDAI,Aldai,0756,TERIK,Terik,8867
029,NANDI,Nandi,152,ALDAI,Aldai,0757,KEMELOI-MARABA,Kemeloi-Maraba,16371
029,NANDI,Nandi,152,ALDAI,Aldai,0758,KOBUJOI,Kobujoi,14495
029,NANDI,Nandi,152,ALDAI,Aldai,0759,KAPTUMO-KABOI,Kaptumo-Kaboi,14355
029,NANDI,Nandi,152,ALDAI,Aldai,0760,KOYO-NDURIO,Koyo-Ndurio,12301
029,NANDI,Nandi,153,NANDI HILLS,Nandi Hills,0761,NANDI HILLS,Nandi Hills,18328
029,NANDI,Nandi,153,NANDI HILLS,Nandi Hills,0762,CHEPKUNYUK,Chepkunyuk,19848
029,NANDI,Nandi,153,NANDI HILLS,Nandi Hills,0763,OL'LESSOS,Ol'lessos,11254
029,NANDI,Nandi,153,NANDI HILLS,Nandi Hills,0764,KAPCHORUA,Kapchorua,8480
029,NANDI,Nandi,154,CHESUMEI,Chesumei,0765,CHEMUNDU/KAPNG'ETUNY,Chemundu/Kapng'etuny,14254
029,NANDI,Nandi,154,CHESUMEI,Chesumei,0766,KOSIRAI,Kosirai,15667
029,NANDI,Nandi,154,CHESUMEI,Chesumei,0767,LELMOKWO/NGECHEK,Lelmokwo/Ngechek,14831
029,NANDI,Nandi,154,CHESUMEI,Chesumei,0768,KAPTEL/KAMOIYWO,Kaptel/Kamoiywo,18935
029,NANDI,Nandi,154,CHESUMEI,Chesumei,0769,KIPTUYA,Kiptuya,10514
029,NANDI,Nandi,155,EMGWEN,Emgwen,0770,CHEPKUMIA,Chepkumia,9736
029,NANDI,Nandi,155,EMGWEN,Emgwen,0771,KAPKANGANI,Kapkangani,9571
029,NANDI,Nandi,155,EMGWEN,Emgwen,0772,KAPSABET,Kapsabet,19374
029,NANDI,Nandi,155,EMGWEN,Emgwen,0773,KILIBWONI,Kilibwoni,28259
029,NANDI,Nandi,156,MOSOP,Mosop,0774,CHEPTERWAI,Chepterwai,9837
029,NANDI,Nandi,156,MOSOP,Mosop,0775,KIPKAREN,Kipkaren,11748
029,NANDI,Nandi,156,MOSOP,Mosop,0776,KURGUNG/SURUNGAI,Kurgung/Surungai,10626
029,NANDI,Nandi,156,MOSOP,Mosop,0777,KABIYET,Kabiyet,12249
029,NANDI,Nandi,156,MOSOP,Mosop,0778,NDALAT,Ndalat,11127
029,NANDI,Nandi,156,MOSOP,Mosop,0779,KABISAGA,Kabisaga,11750
029,NANDI,Nandi,156,MOSOP,Mosop,0780,SANGALO/KEBULONIK,Sangalo/Kebulonik,10449
030,BARINGO,Baringo,157,TIATY,Tiaty,0781,TIRIOKO,Tirioko,5764
030,BARINGO,Baringo,157,TIATY,Tiaty,0782,KOLOWA,Kolowa,6769
030,BARINGO,Baringo,157,TIATY,Tiaty,0783,RIBKWO,Ribkwo,5583
030,BARINGO,Baringo,157,TIATY,Tiaty,0784,SILALE,Silale,3744
030,BARINGO,Baringo,157,TIATY,Tiaty,0785,LOIYAMOROCK,Loiyamorock,4137
030,BARINGO,Baringo,157,TIATY,Tiaty,0786,TANGULBEI/KOROSSI,Tangulbei/Korossi,6818
030,BARINGO,Baringo,157,TIATY,Tiaty,0787,CHURO/AMAYA,Churo/Amaya,6244
030,BARINGO,Baringo,158,BARINGO NORTH,Baringo North,0788,BARWESSA,Barwessa,12693
030,BARINGO,Baringo,158,BARINGO NORTH,Baringo North,0789,KABARTONJO,Kabartonjo,11270
030,BARINGO,Baringo,158,BARINGO NORTH,Baringo North,0790,SAIMO/KIPSARAMAN,Saimo/Kipsaraman,11657
030,BARINGO,Baringo,158,BARINGO NORTH,Baringo North,0791,SAIMO/SOI,Saimo/Soi,8284
030,BARINGO,Baringo,158,BARINGO NORTH,Baringo North,0792,BARTABWA,Bartabwa,6383
030,BARINGO,Baringo,159,BARINGO CENTRAL,Baringo Central,0793,KABARNET,Kabarnet,15204
030,BARINGO,Baringo,159,BARINGO CENTRAL,Baringo Central,0794,SACHO,Sacho,6205
030,BARINGO,Baringo,159,BARINGO CENTRAL,Baringo Central,0795,TENGES,Tenges,6020
030,BARINGO,Baringo,159,BARINGO CENTRAL,Baringo Central,0796,EWALEL/CHAPCHAP,Ewalel/Chapchap,9551
030,BARINGO,Baringo,159,BARINGO CENTRAL,Baringo Central,0797,KAPROPITA,Kapropita,8940
030,BARINGO,Baringo,160,BARINGO SOUTH,Baringo South,0798,MARIGAT,Marigat,15859
030,BARINGO,Baringo,160,BARINGO SOUTH,Baringo South,0799,ILCHAMUS,Ilchamus,8722
030,BARINGO,Baringo,160,BARINGO SOUTH,Baringo South,0800,MOCHONGOI,Mochongoi,12938
030,BARINGO,Baringo,160,BARINGO SOUTH,Baringo South,0801,MUKUTANI,Mukutani,5272
030,BARINGO,Baringo,161,MOGOTIO,Mogotio,0802,MOGOTIO,Mogotio,17642
030,BARINGO,Baringo,161,MOGOTIO,Mogotio,0803,EMINING,Emining,10844
030,BARINGO,Baringo,161,MOGOTIO,Mogotio,0804,KISANANA,Kisanana,10436
030,BARINGO,Baringo,162,ELDAMA RAVINE,Eldama Ravine,0805,LEMBUS,Lembus,12471
030,BARINGO,Baringo,162,ELDAMA RAVINE,Eldama Ravine,0806,LEMBUS KWEN,Lembus Kwen,10757
030,BARINGO,Baringo,162,ELDAMA RAVINE,Eldama Ravine,0807,RAVINE,Ravine,11047
030,BARINGO,Baringo,162,ELDAMA RAVINE,Eldama Ravine,0808,MUMBERES/MAJI MAZURI,Mumberes/Maji Mazuri,11165
030,BARINGO,Baringo,162,ELDAMA RAVINE,Eldama Ravine,0809,LEMBUS/PERKERRA,Lembus/Perkerra,10871
030,BARINGO,Baringo,162,ELDAMA RAVINE,Eldama Ravine,0810,KOIBATEK,Koibatek,7763
031,LAIKIPIA,Laikipia,163,LAIKIPIA WEST,Laikipia West,0811,OL-MORAN,Ol-Moran,10012
031,LAIKIPIA,Laikipia,163,LAIKIPIA WEST,Laikipia West,0812,RUMURUTI TOWNSHIP,Rumuruti Township,13241
031,LAIKIPIA,Laikipia,163,LAIKIPIA WEST,Laikipia West,0813,GITHIGA,Githiga,16143
031,LAIKIPIA,Laikipia,163,LAIKIPIA WEST,Laikipia West,0814,MARMANET,Marmanet,26627
031,LAIKIPIA,Laikipia,163,LAIKIPIA WEST,Laikipia West,0815,IGWAMITI,Igwamiti,43194
031,LAIKIPIA,Laikipia,163,LAIKIPIA WEST,Laikipia West,0816,SALAMA,Salama,9648
031,LAIKIPIA,Laikipia,164,LAIKIPIA EAST,Laikipia East,0817,NGOBIT,Ngobit,17999
031,LAIKIPIA,Laikipia,164,LAIKIPIA EAST,Laikipia East,0818,TIGITHI,Tigithi,18269
031,LAIKIPIA,Laikipia,164,LAIKIPIA EAST,Laikipia East,0819,THINGITHU,Thingithu,18893
031,LAIKIPIA,Laikipia,164,LAIKIPIA EAST,Laikipia East,0820,NANYUKI,Nanyuki,29014
031,LAIKIPIA,Laikipia,164,LAIKIPIA EAST,Laikipia East,0821,UMANDE,Umande,12220
031,LAIKIPIA,Laikipia,165,LAIKIPIA NORTH,Laikipia North,0822,SOSIAN,Sosian,18167
031,LAIKIPIA,Laikipia,165,LAIKIPIA NORTH,Laikipia North,0823,SEGERA,Segera,11570
031,LAIKIPIA,Laikipia,165,LAIKIPIA NORTH,Laikipia North,0824,MUGOGODO WEST,Mugogodo West,6436
031,LAIKIPIA,Laikipia,165,LAIKIPIA NORTH,Laikipia North,0825,MUGOGODO EAST,Mugogodo East,11579
032,NAKURU,Nakuru,166,MOLO,Molo,0826,MARIASHONI,Mariashoni,9669
032,NAKURU,Nakuru,166,MOLO,Molo,0827,ELBURGON,Elburgon,24416
032,NAKURU,Nakuru,166,MOLO,Molo,0828,TURI,Turi,15172
032,NAKURU,Nakuru,166,MOLO,Molo,0829,MOLO,Molo,27770
032,NAKURU,Nakuru,167,NJORO,Njoro,0830,MAU NAROK,Mau Narok,22346
032,NAKURU,Nakuru,167,NJORO,Njoro,0831,MAUCHE,Mauche,17605
032,NAKURU,Nakuru,167,NJORO,Njoro,0832,KIHINGO,Kihingo,10237
032,NAKURU,Nakuru,167,NJORO,Njoro,0833,NESSUIT,Nessuit,9692
032,NAKURU,Nakuru,167,NJORO,Njoro,0834,LARE,Lare,15498
032,NAKURU,Nakuru,167,NJORO,Njoro,0835,NJORO,Njoro,37896
032,NAKURU,Nakuru,168,NAIVASHA,Naivasha,0836,BIASHARA,Biashara,11915
032,NAKURU,Nakuru,168,NAIVASHA,Naivasha,0837,HELLS GATE,Hells Gate,27303
032,NAKURU,Nakuru,168,NAIVASHA,Naivasha,0838,LAKE VIEW,Lake View,21194
032,NAKURU,Nakuru,168,NAIVASHA,Naivasha,0839,MAI MAHIU,Mai Mahiu,21934
032,NAKURU,Nakuru,168,NAIVASHA,Naivasha,0840,MAIELLA,Maiella,15666
032,NAKURU,Nakuru,168,NAIVASHA,Naivasha,0841,OLKARIA,Olkaria,14768
032,NAKURU,Nakuru,168,NAIVASHA,Naivasha,0842,NAIVASHA EAST,Naivasha East,15448
032,NAKURU,Nakuru,168,NAIVASHA,Naivasha,0843,VIWANDANI,Viwandani,28900
032,NAKURU,Nakuru,169,GILGIL,Gilgil,0844,GILGIL,Gilgil,29198
032,NAKURU,Nakuru,169,GILGIL,Gilgil,0845,ELEMENTAITA,Elementaita,15370
032,NAKURU,Nakuru,169,GILGIL,Gilgil,0846,MBARUK/EBURU,Mbaruk/Eburu,21710
032,NAKURU,Nakuru,169,GILGIL,Gilgil,0847,MALEWA WEST,Malewa West,15009
032,NAKURU,Nakuru,169,GILGIL,Gilgil,0848,MURINDATI,Murindati,14367
032,NAKURU,Nakuru,170,KURESOI SOUTH,Kuresoi South,0849,AMALO,Amalo,13110
032,NAKURU,Nakuru,170,KURESOI SOUTH,Kuresoi South,0850,KERINGET,Keringet,20736
032,NAKURU,Nakuru,170,KURESOI SOUTH,Kuresoi South,0851,KIPTAGICH,Kiptagich,15226
032,NAKURU,Nakuru,170,KURESOI SOUTH,Kuresoi South,0852,TINET,Tinet,17096
032,NAKURU,Nakuru,171,KURESOI NORTH,Kuresoi North,0853,KIPTORORO,Kiptororo,17603
032,NAKURU,Nakuru,171,KURESOI NORTH,Kuresoi North,0854,NYOTA,Nyota,23206
032,NAKURU,Nakuru,171,KURESOI NORTH,Kuresoi North,0855,SIRIKWA,Sirikwa,12828
032,NAKURU,Nakuru,171,KURESOI NORTH,Kuresoi North,0856,KAMARA,Kamara,17026
032,NAKURU,Nakuru,172,SUBUKIA,Subukia,0857,SUBUKIA,Subukia,19402
032,NAKURU,Nakuru,172,SUBUKIA,Subukia,0858,WASEGES,Waseges,15666
032,NAKURU,Nakuru,172,SUBUKIA,Subukia,0859,KABAZI,Kabazi,20531
032,NAKURU,Nakuru,173,RONGAI,Rongai,0860,MENENGAI WEST,Menengai West,19389
032,NAKURU,Nakuru,173,RONGAI,Rongai,0861,SOIN,Soin,14523
032,NAKURU,Nakuru,173,RONGAI,Rongai,0862,VISOI,Visoi,20555
032,NAKURU,Nakuru,173,RONGAI,Rongai,0863,MOSOP,Mosop,19670
032,NAKURU,Nakuru,173,RONGAI,Rongai,0864,SOLAI,Solai,10488
032,NAKURU,Nakuru,174,BAHATI,Bahati,0865,DUNDORI,Dundori,15238
032,NAKURU,Nakuru,174,BAHATI,Bahati,0866,KABATINI,Kabatini,13154
032,NAKURU,Nakuru,174,BAHATI,Bahati,0867,KIAMAINA,Kiamaina,28983
032,NAKURU,Nakuru,174,BAHATI,Bahati,0868,LANET/UMOJA,Lanet/Umoja,19251
032,NAKURU,Nakuru,174,BAHATI,Bahati,0869,BAHATI,Bahati,20414
032,NAKURU,Nakuru,175,NAKURU TOWN WEST,Nakuru Town West,0870,BARUT,Barut,6699
032,NAKURU,Nakuru,175,NAKURU TOWN WEST,Nakuru Town West,0871,LONDON,London,22421
032,NAKURU,Nakuru,175,NAKURU TOWN WEST,Nakuru Town West,0872,KAPTEMBWO,Kaptembwo,37748
032,NAKURU,Nakuru,175,NAKURU TOWN WEST,Nakuru Town West,0873,KAPKURES,Kapkures,10590
032,NAKURU,Nakuru,175,NAKURU TOWN WEST,Nakuru Town West,0874,RHODA,Rhoda,14108
032,NAKURU,Nakuru,175,NAKURU TOWN WEST,Nakuru Town West,0875,SHAABAB,Shaabab,20561
032,NAKURU,Nakuru,176,NAKURU TOWN EAST,Nakuru Town East,0876,BIASHARA,Biashara,33057
032,NAKURU,Nakuru,176,NAKURU TOWN EAST,Nakuru Town East,0877,KIVUMBINI,Kivumbini,14199
032,NAKURU,Nakuru,176,NAKURU TOWN EAST,Nakuru Town East,0878,FLAMINGO,Flamingo,21919
032,NAKURU,Nakuru,176,NAKURU TOWN EAST,Nakuru Town East,0879,MENENGAI,Menengai,23804
032,NAKURU,Nakuru,176,NAKURU TOWN EAST,Nakuru Town East,0880,NAKURU EAST,Nakuru East,32572
033,NAROK,Narok,177,KILGORIS,Kilgoris,0881,KILGORIS CENTRAL,Kilgoris Central,18433
033,NAROK,Narok,177,KILGORIS,Kilgoris,0882,KEYIAN,Keyian,10241
033,NAROK,Narok,177,KILGORIS,Kilgoris,0883,ANGATA BARIKOI,Angata Barikoi,10634
033,NAROK,Narok,177,KILGORIS,Kilgoris,0884,SHANKOE,Shankoe,12740
033,NAROK,Narok,177,KILGORIS,Kilgoris,0885,KIMINTET,Kimintet,10401
033,NAROK,Narok,177,KILGORIS,Kilgoris,0886,LOLGORIAN,Lolgorian,14434
033,NAROK,Narok,178,EMURUA DIKIRR,Emurua Dikirr,0887,ILKERIN,Ilkerin,13509
033,NAROK,Narok,178,EMURUA DIKIRR,Emurua Dikirr,0888,OLOLMASANI,Ololmasani,12560
033,NAROK,Narok,178,EMURUA DIKIRR,Emurua Dikirr,0889,MOGONDO,Mogondo,8019
033,NAROK,Narok,178,EMURUA DIKIRR,Emurua Dikirr,0890,KAPSASIAN,Kapsasian,9952
033,NAROK,Narok,179,NAROK NORTH,Narok North,0891,OLPUSIMORU,Olpusimoru,9260
033,NAROK,Narok,179,NAROK NORTH,Narok North,0892,OLOKURTO,Olokurto,11038
033,NAROK,Narok,179,NAROK NORTH,Narok North,0893,NAROK TOWN,Narok Town,29452
033,NAROK,Narok,179,NAROK NORTH,Narok North,0894,NKARETA,Nkareta,9611
033,NAROK,Narok,179,NAROK NORTH,Narok North,0895,OLORROPIL,Olorropil,13829
033,NAROK,Narok,179,NAROK NORTH,Narok North,0896,MELILI,Melili,15475
033,NAROK,Narok,180,NAROK EAST,Narok East,0897,MOSIRO,Mosiro,14164
033,NAROK,Narok,180,NAROK EAST,Narok East,0898,ILDAMAT,Ildamat,10070
033,NAROK,Narok,180,NAROK EAST,Narok East,0899,KEEKONYOKIE,Keekonyokie,11121
033,NAROK,Narok,180,NAROK EAST,Narok East,0900,SUSWA,Suswa,11180
033,NAROK,Narok,181,NAROK SOUTH,Narok South,0901,MAJIMOTO/NAROOSURA,Majimoto/Naroosura,19825
033,NAROK,Narok,181,NAROK SOUTH,Narok South,0902,OLOLULUNG'A,Ololulung'a,15922
033,NAROK,Narok,181,NAROK SOUTH,Narok South,0903,MELELO,Melelo,11373
033,NAROK,Narok,181,NAROK SOUTH,Narok South,0904,LOITA,Loita,11350
033,NAROK,Narok,181,NAROK SOUTH,Narok South,0905,SOGOO,Sogoo,10072
033,NAROK,Narok,181,NAROK SOUTH,Narok South,0906,SAGAMIAN,Sagamian,7523
033,NAROK,Narok,182,NAROK WEST,Narok West,0907,ILMOTIOK,Ilmotiok,19176
033,NAROK,Narok,182,NAROK WEST,Narok West,0908,MARA,Mara,16597
033,NAROK,Narok,182,NAROK WEST,Narok West,0909,SIANA,Siana,17882
033,NAROK,Narok,182,NAROK WEST,Narok West,0910,NAIKARRA,Naikarra,12941
034,KAJIADO,Kajiado,183,KAJIADO NORTH,Kajiado North,0911,OLKERI,Olkeri,31549
034,KAJIADO,Kajiado,183,KAJIADO NORTH,Kajiado North,0912,ONGATA RONGAI,Ongata Rongai,27576
034,KAJIADO,Kajiado,183,KAJIADO NORTH,Kajiado North,0913,NKAIMURUNYA,Nkaimurunya,33207
034,KAJIADO,Kajiado,183,KAJIADO NORTH,Kajiado North,0914,OLOOLUA,Oloolua,19810
034,KAJIADO,Kajiado,183,KAJIADO NORTH,Kajiado North,0915,NGONG,Ngong,22738
034,KAJIADO,Kajiado,184,KAJIADO CENTRAL,Kajiado Central,0916,PURKO,Purko,4848
034,KAJIADO,Kajiado,184,KAJIADO CENTRAL,Kajiado Central,0917,ILDAMAT,Ildamat,9535
034,KAJIADO,Kajiado,184,KAJIADO CENTRAL,Kajiado Central,0918,DALALEKUTUK,Dalalekutuk,17734
034,KAJIADO,Kajiado,184,KAJIADO CENTRAL,Kajiado Central,0919,MATAPATO NORTH,Matapato North,16776
034,KAJIADO,Kajiado,184,KAJIADO CENTRAL,Kajiado Central,0920,MATAPATO SOUTH,Matapato South,16930
034,KAJIADO,Kajiado,185,KAJIADO EAST,Kajiado East,0921,KAPUTIEI NORTH,Kaputiei North,21660
034,KAJIADO,Kajiado,185,KAJIADO EAST,Kajiado East,0922,KITENGELA,Kitengela,38746
034,KAJIADO,Kajiado,185,KAJIADO EAST,Kajiado East,0923,OLOOSIRKON/SHOLINKE,Oloosirkon/Sholinke,33748
034,KAJIADO,Kajiado,185,KAJIADO EAST,Kajiado East,0924,KENYAWA-POKA,Kenyawa-Poka,12782
034,KAJIADO,Kajiado,185,KAJIADO EAST,Kajiado East,0925,IMARORO,Imaroro,9400
034,KAJIADO,Kajiado,186,KAJIADO WEST,Kajiado West,0926,KEEKONYOKIE,Keekonyokie,33307
034,KAJIADO,Kajiado,186,KAJIADO WEST,Kajiado West,0927,ILOODOKILANI,Iloodokilani,9476
034,KAJIADO,Kajiado,186,KAJIADO WEST,Kajiado West,0928,MAGADI,Magadi,11204
034,KAJIADO,Kajiado,186,KAJIADO WEST,Kajiado West,0929,EWUASO OONKIDONG'I,Ewuaso Oonkidong'i,16972
034,KAJIADO,Kajiado,186,KAJIADO WEST,Kajiado West,0930,MOSIRO,Mosiro,4214
034,KAJIADO,Kajiado,187,KAJIADO SOUTH,Kajiado South,0931,ENTONET/LENKISIM,Entonet/Lenkisim,12775
034,KAJIADO,Kajiado,187,KAJIADO SOUTH,Kajiado South,0932,MBIRIKANI/ESELENKEI,Mbirikani/Eselenkei,10725
034,KAJIADO,Kajiado,187,KAJIADO SOUTH,Kajiado South,0933,KUKU,Kuku,18515
034,KAJIADO,Kajiado,187,KAJIADO SOUTH,Kajiado South,0934,ROMBO,Rombo,17467
034,KAJIADO,Kajiado,187,KAJIADO SOUTH,Kajiado South,0935,KIMANA,Kimana,11579
035,KERICHO,Kericho,188,KIPKELION EAST,Kipkelion East,0936,LONDIANI,Londiani,14597
035,KERICHO,Kericho,188,KIPKELION EAST,Kipkelion East,0937,KEDOWA/KIMUGUL,Kedowa/Kimugul,21798
035,KERICHO,Kericho,188,KIPKELION EAST,Kipkelion East,0938,CHEPSEON,Chepseon,18219
035,KERICHO,Kericho,188,KIPKELION EAST,Kipkelion East,0939,TENDENO/SORGET,Tendeno/Sorget,9065
035,KERICHO,Kericho,189,KIPKELION WEST,Kipkelion West,0940,KUNYAK,Kunyak,8876
035,KERICHO,Kericho,189,KIPKELION WEST,Kipkelion West,0941,KAMASIAN,Kamasian,11827
035,KERICHO,Kericho,189,KIPKELION WEST,Kipkelion West,0942,KIPKELION,Kipkelion,15140
035,KERICHO,Kericho,189,KIPKELION WEST,Kipkelion West,0943,CHILCHILA,Chilchila,17117
035,KERICHO,Kericho,190,AINAMOI,Ainamoi,0944,KAPSOIT,Kapsoit,16117
035,KERICHO,Kericho,190,AINAMOI,Ainamoi,0945,AINAMOI,Ainamoi,10473
035,KERICHO,Kericho,190,AINAMOI,Ainamoi,0946,KAPKUGERWET,Kapkugerwet,17635
035,KERICHO,Kericho,190,AINAMOI,Ainamoi,0947,KIPCHEBOR,Kipchebor,16520
035,KERICHO,Kericho,190,AINAMOI,Ainamoi,0948,KIPCHIMCHIM,Kipchimchim,7969
035,KERICHO,Kericho,190,AINAMOI,Ainamoi,0949,KAPSAOS,Kapsaos,16310
035,KERICHO,Kericho,191,BURETI,Bureti,0950,KISIARA,Kisiara,12486
035,KERICHO,Kericho,191,BURETI,Bureti,0951,TEBESONIK,Tebesonik,11471
035,KERICHO,Kericho,191,BURETI,Bureti,0952,CHEBOIN,Cheboin,13297
035,KERICHO,Kericho,191,BURETI,Bureti,0953,CHEMOSOT,Chemosot,16344
035,KERICHO,Kericho,191,BURETI,Bureti,0954,LITEIN,Litein,15858
035,KERICHO,Kericho,191,BURETI,Bureti,0955,CHEPLANGET,Cheplanget,13560
035,KERICHO,Kericho,191,BURETI,Bureti,0956,KAPKATET,Kapkatet,12304
035,KERICHO,Kericho,192,BELGUT,Belgut,0957,WALDAI,Waldai,20119
035,KERICHO,Kericho,192,BELGUT,Belgut,0958,KABIANGA,Kabianga,21052
035,KERICHO,Kericho,192,BELGUT,Belgut,0959,CHEPTORORIET/SERETUT,Cheptororiet/Seretut,11964
035,KERICHO,Kericho,192,BELGUT,Belgut,0960,CHAIK,Chaik,10584
035,KERICHO,Kericho,192,BELGUT,Belgut,0961,KAPSUSER,Kapsuser,11456
035,KERICHO,Kericho,193,SIGOWET/SOIN,Sigowet/Soin,0962,SIGOWET,Sigowet,18986
035,KERICHO,Kericho,193,SIGOWET/SOIN,Sigowet/Soin,0963,KAPLELARTET,Kaplelartet,16262
035,KERICHO,Kericho,193,SIGOWET/SOIN,Sigowet/Soin,0964,SOLIAT,Soliat,9682
035,KERICHO,Kericho,193,SIGOWET/SOIN,Sigowet/Soin,0965,SOIN,Soin,10979
036,BOMET,Bomet,194,SOTIK,Sotik,0966,NDANAI/ABOSI,Ndanai/Abosi,17049
036,BOMET,Bomet,194,SOTIK,Sotik,0967,CHEMAGEL,Chemagel,18870
036,BOMET,Bomet,194,SOTIK,Sotik,0968,KIPSONOI,Kipsonoi,17736
036,BOMET,Bomet,194,SOTIK,Sotik,0969,KAPLETUNDO,Kapletundo,20992
036,BOMET,Bomet,194,SOTIK,Sotik,0970,RONGENA/MANARET,Rongena/Manaret,12034
036,BOMET,Bomet,195,CHEPALUNGU,Chepalungu,0971,KONG'ASIS,Kong'asis,14005
036,BOMET,Bomet,195,CHEPALUNGU,Chepalungu,0972,NYANGORES,Nyangores,19286
036,BOMET,Bomet,195,CHEPALUNGU,Chepalungu,0973,SIGOR,Sigor,15849
036,BOMET,Bomet,195,CHEPALUNGU,Chepalungu,0974,CHEBUNYO,Chebunyo,15982
036,BOMET,Bomet,195,CHEPALUNGU,Chepalungu,0975,SIONGIROI,Siongiroi,15018
036,BOMET,Bomet,196,BOMET EAST,Bomet East,0976,MERIGI,Merigi,14673
036,BOMET,Bomet,196,BOMET EAST,Bomet East,0977,KEMBU,Kembu,12901
036,BOMET,Bomet,196,BOMET EAST,Bomet East,0978,LONGISA,Longisa,14576
036,BOMET,Bomet,196,BOMET EAST,Bomet East,0979,KIPRERES,Kipreres,12101
036,BOMET,Bomet,196,BOMET EAST,Bomet East,0980,CHEMANER,Chemaner,9389
036,BOMET,Bomet,197,BOMET CENTRAL,Bomet Central,0981,SILIBWET TOWNSHIP,Silibwet Township,17882
036,BOMET,Bomet,197,BOMET CENTRAL,Bomet Central,0982,NDARAWETA,Ndaraweta,12233
036,BOMET,Bomet,197,BOMET CENTRAL,Bomet Central,0983,SINGORWET,Singorwet,12483
036,BOMET,Bomet,197,BOMET CENTRAL,Bomet Central,0984,CHESOEN,Chesoen,17516
036,BOMET,Bomet,197,BOMET CENTRAL,Bomet Central,0985,MUTARAKWA,Mutarakwa,11295
036,BOMET,Bomet,198,KONOIN,Konoin,0986,CHEPCHABAS,Chepchabas,9316
036,BOMET,Bomet,198,KONOIN,Konoin,0987,KIMULOT,Kimulot,12321
036,BOMET,Bomet,198,KONOIN,Konoin,0988,MOGOGOSIEK,Mogogosiek,18069
036,BOMET,Bomet,198,KONOIN,Konoin,0989,BOITO,Boito,17019
036,BOMET,Bomet,198,KONOIN,Konoin,0990,EMBOMOS,Embomos,18390
037,KAKAMEGA,Kakamega,199,LUGARI,Lugari,0991,MAUTUMA,Mautuma,13465
037,KAKAMEGA,Kakamega,199,LUGARI,Lugari,0992,LUGARI,Lugari,15331
037,KAKAMEGA,Kakamega,199,LUGARI,Lugari,0993,LUMAKANDA,Lumakanda,17655
037,KAKAMEGA,Kakamega,199,LUGARI,Lugari,0994,CHEKALINI,Chekalini,11992
037,KAKAMEGA,Kakamega,199,LUGARI,Lugari,0995,CHEVAYWA,Chevaywa,14821
037,KAKAMEGA,Kakamega,199,LUGARI,Lugari,0996,LWANDETI,Lwandeti,13644
037,KAKAMEGA,Kakamega,200,LIKUYANI,Likuyani,0997,LIKUYANI,Likuyani,16545
037,KAKAMEGA,Kakamega,200,LIKUYANI,Likuyani,0998,SANGO,Sango,12022
037,KAKAMEGA,Kakamega,200,LIKUYANI,Likuyani,0999,KONGONI,Kongoni,14564
037,KAKAMEGA,Kakamega,200,LIKUYANI,Likuyani,1000,NZOIA,Nzoia,16973
037,KAKAMEGA,Kakamega,200,LIKUYANI,Likuyani,1001,SINOKO,Sinoko,12345
037,KAKAMEGA,Kakamega,201,MALAVA,Malava,1002,WEST KABRAS,West Kabras,11699
037,KAKAMEGA,Kakamega,201,MALAVA,Malava,1003,CHEMUCHE,Chemuche,14139
037,KAKAMEGA,Kakamega,201,MALAVA,Malava,1004,EAST KABRAS,East Kabras,9995
037,KAKAMEGA,Kakamega,201,MALAVA,Malava,1005,BUTALI/CHEGULO,Butali/Chegulo,15146
037,KAKAMEGA,Kakamega,201,MALAVA,Malava,1006,MANDA-SHIVANGA,Manda-Shivanga,14677
037,KAKAMEGA,Kakamega,201,MALAVA,Malava,1007,SHIRUGU-MUGAI,Shirugu-Mugai,12238
037,KAKAMEGA,Kakamega,201,MALAVA,Malava,1008,SOUTH KABRAS,South Kabras,16523
037,KAKAMEGA,Kakamega,202,LURAMBI,Lurambi,1009,BUTSOTSO EAST,Butsotso East,11165
037,KAKAMEGA,Kakamega,202,LURAMBI,Lurambi,1010,BUTSOTSO SOUTH,Butsotso South,9094
037,KAKAMEGA,Kakamega,202,LURAMBI,Lurambi,1011,BUTSOTSO CENTRAL,Butsotso Central,13902
037,KAKAMEGA,Kakamega,202,LURAMBI,Lurambi,1012,SHEYWE,Sheywe,30312
037,KAKAMEGA,Kakamega,202,LURAMBI,Lurambi,1013,MAHIAKALO,Mahiakalo,9750
037,KAKAMEGA,Kakamega,202,LURAMBI,Lurambi,1014,SHIRERE,Shirere,15404
037,KAKAMEGA,Kakamega,203,NAVAKHOLO,Navakholo,1015,INGOSTSE-MATHIA,Ingostse-Mathia,10171
037,KAKAMEGA,Kakamega,203,NAVAKHOLO,Navakholo,1016,SHINOYI-SHIKOMARI-ESUMEYIA,Shinoyi-Shikomari-Esumeyia,11689
037,KAKAMEGA,Kakamega,203,NAVAKHOLO,Navakholo,1017,BUNYALA WEST,Bunyala West,15946
037,KAKAMEGA,Kakamega,203,NAVAKHOLO,Navakholo,1018,BUNYALA EAST,Bunyala East,11126
037,KAKAMEGA,Kakamega,203,NAVAKHOLO,Navakholo,1019,BUNYALA CENTRAL,Bunyala Central,15811
037,KAKAMEGA,Kakamega,204,MUMIAS WEST,Mumias West,1020,MUMIAS CENTRAL,Mumias Central,16551
037,KAKAMEGA,Kakamega,204,MUMIAS WEST,Mumias West,1021,MUMIAS NORTH,Mumias North,9113
037,KAKAMEGA,Kakamega,204,MUMIAS WEST,Mumias West,1022,ETENJE,Etenje,13017
037,KAKAMEGA,Kakamega,204,MUMIAS WEST,Mumias West,1023,MUSANDA,Musanda,14636
037,KAKAMEGA,Kakamega,205,MUMIAS EAST,Mumias East,1024,LUSHEYA/LUBINU,Lusheya/Lubinu,16731
037,KAKAMEGA,Kakamega,205,MUMIAS EAST,Mumias East,1025,MALAHA/ISONGO/MAKUNGA,Malaha/Isongo/Makunga,14885
037,KAKAMEGA,Kakamega,205,MUMIAS EAST,Mumias East,1026,EAST WANGA,East Wanga,18952
037,KAKAMEGA,Kakamega,206,MATUNGU,Matungu,1027,KOYONZO,Koyonzo,19476
037,KAKAMEGA,Kakamega,206,MATUNGU,Matungu,1028,KHOLERA,Kholera,14513
037,KAKAMEGA,Kakamega,206,MATUNGU,Matungu,1029,KHALABA,Khalaba,9414
037,KAKAMEGA,Kakamega,206,MATUNGU,Matungu,1030,MAYONI,Mayoni,15352
037,KAKAMEGA,Kakamega,206,MATUNGU,Matungu,1031,NAMAMALI,Namamali,15175
037,KAKAMEGA,Kakamega,207,BUTERE,Butere,1032,MARAMA WEST,Marama West,16581
037,KAKAMEGA,Kakamega,207,BUTERE,Butere,1033,MARAMA CENTRAL,Marama Central,20328
037,KAKAMEGA,Kakamega,207,BUTERE,Butere,1034,MARENYO - SHIANDA,Marenyo - Shianda,10996
037,KAKAMEGA,Kakamega,207,BUTERE,Butere,1035,MARAMA NORTH,Marama North,10961
037,KAKAMEGA,Kakamega,207,BUTERE,Butere,1036,MARAMA SOUTH,Marama South,11358
037,KAKAMEGA,Kakamega,208,KHWISERO,Khwisero,1037,KISA NORTH,Kisa North,10810
037,KAKAMEGA,Kakamega,208,KHWISERO,Khwisero,1038,KISA EAST,Kisa East,10385
037,KAKAMEGA,Kakamega,208,KHWISERO,Khwisero,1039,KISA WEST,Kisa West,10815
037,KAKAMEGA,Kakamega,208,KHWISERO,Khwisero,1040,KISA CENTRAL,Kisa Central,23081
037,KAKAMEGA,Kakamega,209,SHINYALU,Shinyalu,1041,ISUKHA NORTH,Isukha North,11965
037,KAKAMEGA,Kakamega,209,SHINYALU,Shinyalu,1042,MURHANDA,Murhanda,12994
037,KAKAMEGA,Kakamega,209,SHINYALU,Shinyalu,1043,ISUKHA CENTRAL,Isukha Central,16111
037,KAKAMEGA,Kakamega,209,SHINYALU,Shinyalu,1044,ISUKHA SOUTH,Isukha South,16003
037,KAKAMEGA,Kakamega,209,SHINYALU,Shinyalu,1045,ISUKHA EAST,Isukha East,9724
037,KAKAMEGA,Kakamega,209,SHINYALU,Shinyalu,1046,ISUKHA WEST,Isukha West,10181
037,KAKAMEGA,Kakamega,210,IKOLOMANI,Ikolomani,1047,IDAKHO SOUTH,Idakho South,10404
037,KAKAMEGA,Kakamega,210,IKOLOMANI,Ikolomani,1048,IDAKHO EAST,Idakho East,15195
037,KAKAMEGA,Kakamega,210,IKOLOMANI,Ikolomani,1049,IDAKHO NORTH,Idakho North,13605
037,KAKAMEGA,Kakamega,210,IKOLOMANI,Ikolomani,1050,IDAKHO CENTRAL,Idakho Central,17095
038,VIHIGA,Vihiga,211,VIHIGA,Vihiga,1051,LUGAGA-WAMULUMA,Lugaga-Wamuluma,17381
038,VIHIGA,Vihiga,211,VIHIGA,Vihiga,1052,SOUTH MARAGOLI,South Maragoli,11192
038,VIHIGA,Vihiga,211,VIHIGA,Vihiga,1053,CENTRAL MARAGOLI,Central Maragoli,13114
038,VIHIGA,Vihiga,211,VIHIGA,Vihiga,1054,MUNGOMA,Mungoma,10602
038,VIHIGA,Vihiga,212,SABATIA,Sabatia,1055,LYADUYWA/IZAVA,Lyaduywa/Izava,14899
038,VIHIGA,Vihiga,212,SABATIA,Sabatia,1056,WEST SABATIA,West Sabatia,11930
038,VIHIGA,Vihiga,212,SABATIA,Sabatia,1057,CHAVAKALI,Chavakali,10564
038,VIHIGA,Vihiga,212,SABATIA,Sabatia,1058,NORTH MARAGOLI,North Maragoli,10314
038,VIHIGA,Vihiga,212,SABATIA,Sabatia,1059,WODANGA,Wodanga,11351
038,VIHIGA,Vihiga,212,SABATIA,Sabatia,1060,BUSALI,Busali,11817
038,VIHIGA,Vihiga,213,HAMISI,Hamisi,1061,SHIRU,Shiru,12686
038,VIHIGA,Vihiga,213,HAMISI,Hamisi,1062,GISAMBAI,Gisambai,10216
038,VIHIGA,Vihiga,213,HAMISI,Hamisi,1063,SHAMAKHOKHO,Shamakhokho,14503
038,VIHIGA,Vihiga,213,HAMISI,Hamisi,1064,BANJA,Banja,11950
038,VIHIGA,Vihiga,213,HAMISI,Hamisi,1065,MUHUDU,Muhudu,9183
038,VIHIGA,Vihiga,213,HAMISI,Hamisi,1066,TAMBUA,Tambua,10913
038,VIHIGA,Vihiga,213,HAMISI,Hamisi,1067,JEPKOYAI,Jepkoyai,10933
038,VIHIGA,Vihiga,214,LUANDA,Luanda,1068,LUANDA TOWNSHIP,Luanda Township,10486
038,VIHIGA,Vihiga,214,LUANDA,Luanda,1069,WEMILABI,Wemilabi,11618
038,VIHIGA,Vihiga,214,LUANDA,Luanda,1070,MWIBONA,Mwibona,10132
038,VIHIGA,Vihiga,214,LUANDA,Luanda,1071,LUANDA SOUTH,Luanda South,11484
038,VIHIGA,Vihiga,214,LUANDA,Luanda,1072,EMABUNGO,Emabungo,12590
038,VIHIGA,Vihiga,215,EMUHAYA,Emuhaya,1073,NORTH EAST BUNYORE,North East Bunyore,16648
038,VIHIGA,Vihiga,215,EMUHAYA,Emuhaya,1074,CENTRAL BUNYORE,Central Bunyore,16731
038,VIHIGA,Vihiga,215,EMUHAYA,Emuhaya,1075,WEST BUNYORE,West Bunyore,16806
039,BUNGOMA,Bungoma,216,MT. ELGON,Mt. Elgon,1076,CHEPTAIS,Cheptais,13342
039,BUNGOMA,Bungoma,216,MT. ELGON,Mt. Elgon,1077,CHESIKAKI,Chesikaki,11375
039,BUNGOMA,Bungoma,216,MT. ELGON,Mt. Elgon,1078,CHEPYUK,Chepyuk,11075
039,BUNGOMA,Bungoma,216,MT. ELGON,Mt. Elgon,1079,KAPKATENY,Kapkateny,12141
039,BUNGOMA,Bungoma,216,MT. ELGON,Mt. Elgon,1080,KAPTAMA,Kaptama,13714
039,BUNGOMA,Bungoma,216,MT. ELGON,Mt. Elgon,1081,ELGON,Elgon,14512
039,BUNGOMA,Bungoma,217,SIRISIA,Sirisia,1082,NAMWELA,Namwela,13686
039,BUNGOMA,Bungoma,217,SIRISIA,Sirisia,1083,MALAKISI/SOUTH KULISIRU,Malakisi/South Kulisiru,17728
039,BUNGOMA,Bungoma,217,SIRISIA,Sirisia,1084,LWANDANYI,Lwandanyi,17303
039,BUNGOMA,Bungoma,218,KABUCHAI,Kabuchai,1085,KABUCHAI/CHWELE,Kabuchai/Chwele,18288
039,BUNGOMA,Bungoma,218,KABUCHAI,Kabuchai,1086,WEST NALONDO,West Nalondo,16198
039,BUNGOMA,Bungoma,218,KABUCHAI,Kabuchai,1087,BWAKE/LUUYA,Bwake/Luuya,15366
039,BUNGOMA,Bungoma,218,KABUCHAI,Kabuchai,1088,MUKUYUNI,Mukuyuni,17369
039,BUNGOMA,Bungoma,219,BUMULA,Bumula,1089,SOUTH BUKUSU,South Bukusu,11587
039,BUNGOMA,Bungoma,219,BUMULA,Bumula,1090,BUMULA,Bumula,13425
039,BUNGOMA,Bungoma,219,BUMULA,Bumula,1091,KHASOKO,Khasoko,9270
039,BUNGOMA,Bungoma,219,BUMULA,Bumula,1092,KABULA,Kabula,9817
039,BUNGOMA,Bungoma,219,BUMULA,Bumula,1093,KIMAETI,Kimaeti,15546
039,BUNGOMA,Bungoma,219,BUMULA,Bumula,1094,WEST BUKUSU,West Bukusu,9769
039,BUNGOMA,Bungoma,219,BUMULA,Bumula,1095,SIBOTI,Siboti,12633
039,BUNGOMA,Bungoma,220,KANDUYI,Kanduyi,1096,BUKEMBE WEST,Bukembe West,10831
039,BUNGOMA,Bungoma,220,KANDUYI,Kanduyi,1097,BUKEMBE EAST,Bukembe East,13035
039,BUNGOMA,Bungoma,220,KANDUYI,Kanduyi,1098,TOWNSHIP,Township,17919
039,BUNGOMA,Bungoma,220,KANDUYI,Kanduyi,1099,KHALABA,Khalaba,14167
039,BUNGOMA,Bungoma,220,KANDUYI,Kanduyi,1100,MUSIKOMA,Musikoma,15826
039,BUNGOMA,Bungoma,220,KANDUYI,Kanduyi,1101,EAST SANG'ALO,East Sang'alo,15555
039,BUNGOMA,Bungoma,220,KANDUYI,Kanduyi,1102,MARAKARU/TUUTI,Marakaru/Tuuti,16191
039,BUNGOMA,Bungoma,220,KANDUYI,Kanduyi,1103,WEST SANG'ALO,West Sang'alo,14809
039,BUNGOMA,Bungoma,221,WEBUYE EAST,Webuye East,1104,MIHUU,Mihuu,17438
039,BUNGOMA,Bungoma,221,WEBUYE EAST,Webuye East,1105,NDIVISI,Ndivisi,17755
039,BUNGOMA,Bungoma,221,WEBUYE EAST,Webuye East,1106,MARAKA,Maraka,13757
039,BUNGOMA,Bungoma,222,WEBUYE WEST,Webuye West,1107,MISIKHU,Misikhu,14118
039,BUNGOMA,Bungoma,222,WEBUYE WEST,Webuye West,1108,SITIKHO,Sitikho,12540
039,BUNGOMA,Bungoma,222,WEBUYE WEST,Webuye West,1109,MATULO,Matulo,16304
039,BUNGOMA,Bungoma,222,WEBUYE WEST,Webuye West,1110,BOKOLI,Bokoli,15670
039,BUNGOMA,Bungoma,223,KIMILILI,Kimilili,1111,KIBINGEI,Kibingei,15664
039,BUNGOMA,Bungoma,223,KIMILILI,Kimilili,1112,KIMILILI,Kimilili,19062
039,BUNGOMA,Bungoma,223,KIMILILI,Kimilili,1113,MAENI,Maeni,11452
039,BUNGOMA,Bungoma,223,KIMILILI,Kimilili,1114,KAMUKUYWA,Kamukuywa,15409
039,BUNGOMA,Bungoma,224,TONGAREN,Tongaren,1115,MBAKALO,Mbakalo,13311
039,BUNGOMA,Bungoma,224,TONGAREN,Tongaren,1116,NAITIRI/KABUYEFWE,Naitiri/Kabuyefwe,16232
039,BUNGOMA,Bungoma,224,TONGAREN,Tongaren,1117,MILIMA,Milima,15700
039,BUNGOMA,Bungoma,224,TONGAREN,Tongaren,1118,NDALU/ TABANI,Ndalu/ Tabani,11250
039,BUNGOMA,Bungoma,224,TONGAREN,Tongaren,1119,TONGAREN,Tongaren,15124
039,BUNGOMA,Bungoma,224,TONGAREN,Tongaren,1120,SOYSAMBU/ MITUA,Soysambu/ Mitua,13335
040,BUSIA,Busia,225,TESO NORTH,Teso North,1121,MALABA CENTRAL,Malaba Central,13248
040,BUSIA,Busia,225,TESO NORTH,Teso North,1122,MALABA NORTH,Malaba North,8401
040,BUSIA,Busia,225,TESO NORTH,Teso North,1123,ANG'URAI SOUTH,Ang'urai South,9821
040,BUSIA,Busia,225,TESO NORTH,Teso North,1124,ANG'URAI NORTH,Ang'urai North,10148
040,BUSIA,Busia,225,TESO NORTH,Teso North,1125,ANG'URAI EAST,Ang'urai East,7764
040,BUSIA,Busia,225,TESO NORTH,Teso North,1126,MALABA SOUTH,Malaba South,10413
040,BUSIA,Busia,226,TESO SOUTH,Teso South,1127,ANG'OROM,Ang'orom,13730
040,BUSIA,Busia,226,TESO SOUTH,Teso South,1128,CHAKOL SOUTH,Chakol South,15351
040,BUSIA,Busia,226,TESO SOUTH,Teso South,1129,CHAKOL NORTH,Chakol North,9450
040,BUSIA,Busia,226,TESO SOUTH,Teso South,1130,AMUKURA WEST,Amukura West,8862
040,BUSIA,Busia,226,TESO SOUTH,Teso South,1131,AMUKURA EAST,Amukura East,11549
040,BUSIA,Busia,226,TESO SOUTH,Teso South,1132,AMUKURA CENTRAL,Amukura Central,12326
040,BUSIA,Busia,227,NAMBALE,Nambale,1133,NAMBALE TOWNSHIP,Nambale Township,17638
040,BUSIA,Busia,227,NAMBALE,Nambale,1134,BUKHAYO NORTH/WALTSI,Bukhayo North/Waltsi,10945
040,BUSIA,Busia,227,NAMBALE,Nambale,1135,BUKHAYO EAST,Bukhayo East,11614
040,BUSIA,Busia,227,NAMBALE,Nambale,1136,BUKHAYO CENTRAL,Bukhayo Central,10348
040,BUSIA,Busia,228,MATAYOS,Matayos,1137,BUKHAYO WEST,Bukhayo West,17548
040,BUSIA,Busia,228,MATAYOS,Matayos,1138,MAYENJE,Mayenje,8184
040,BUSIA,Busia,228,MATAYOS,Matayos,1139,MATAYOS SOUTH,Matayos South,15980
040,BUSIA,Busia,228,MATAYOS,Matayos,1140,BUSIBWABO,Busibwabo,6500
040,BUSIA,Busia,228,MATAYOS,Matayos,1141,BURUMBA,Burumba,19496
040,BUSIA,Busia,229,BUTULA,Butula,1142,MARACHI WEST,Marachi West,11575
040,BUSIA,Busia,229,BUTULA,Butula,1143,KINGANDOLE,Kingandole,9906
040,BUSIA,Busia,229,BUTULA,Butula,1144,MARACHI CENTRAL,Marachi Central,11685
040,BUSIA,Busia,229,BUTULA,Butula,1145,MARACHI EAST,Marachi East,11105
040,BUSIA,Busia,229,BUTULA,Butula,1146,MARACHI NORTH,Marachi North,12937
040,BUSIA,Busia,229,BUTULA,Butula,1147,ELUGULU,Elugulu,10169
040,BUSIA,Busia,230,FUNYULA,Funyula,1148,NAMBOBOTO NAMBUKU,Namboboto Nambuku,15900
040,BUSIA,Busia,230,FUNYULA,Funyula,1149,NANGINA,Nangina,12527
040,BUSIA,Busia,230,FUNYULA,Funyula,1150,AGENG'A NANGUBA,Ageng'a Nanguba,14284
040,BUSIA,Busia,230,FUNYULA,Funyula,1151,BWIRI,Bwiri,11320
040,BUSIA,Busia,231,BUDALANGI,Budalangi,1152,BUNYALA CENTRAL,Bunyala Central,7725
040,BUSIA,Busia,231,BUDALANGI,Budalangi,1153,BUNYALA NORTH,Bunyala North,13637
040,BUSIA,Busia,231,BUDALANGI,Budalangi,1154,BUNYALA WEST,Bunyala West,14863
040,BUSIA,Busia,231,BUDALANGI,Budalangi,1155,BUNYALA SOUTH,Bunyala South,9807
041,SIAYA,Siaya,232,UGENYA,Ugenya,1156,WEST UGENYA,West Ugenya,18973
041,SIAYA,Siaya,232,UGENYA,Ugenya,1157,UKWALA,Ukwala,14870
041,SIAYA,Siaya,232,UGENYA,Ugenya,1158,NORTH UGENYA,North Ugenya,16987
041,SIAYA,Siaya,232,UGENYA,Ugenya,1159,EAST UGENYA,East Ugenya,18197
041,SIAYA,Siaya,233,UGUNJA,Ugunja,1160,SIDINDI,Sidindi,14980
041,SIAYA,Siaya,233,UGUNJA,Ugunja,1161,SIGOMERE,Sigomere,18052
041,SIAYA,Siaya,233,UGUNJA,Ugunja,1162,UGUNJA,Ugunja,27082
041,SIAYA,Siaya,234,ALEGO USONGA,Alego Usonga,1163,USONGA,Usonga,9273
041,SIAYA,Siaya,234,ALEGO USONGA,Alego Usonga,1164,WEST ALEGO,West Alego,19154
041,SIAYA,Siaya,234,ALEGO USONGA,Alego Usonga,1165,CENTRAL ALEGO,Central Alego,18893
041,SIAYA,Siaya,234,ALEGO USONGA,Alego Usonga,1166,SIAYA TOWNSHIP,Siaya Township,26832
041,SIAYA,Siaya,234,ALEGO USONGA,Alego Usonga,1167,NORTH ALEGO,North Alego,19005
041,SIAYA,Siaya,234,ALEGO USONGA,Alego Usonga,1168,SOUTH EAST ALEGO,South East Alego,28845
041,SIAYA,Siaya,235,GEM,Gem,1169,NORTH GEM,North Gem,19321
041,SIAYA,Siaya,235,GEM,Gem,1170,WEST GEM,West Gem,14228
041,SIAYA,Siaya,235,GEM,Gem,1171,CENTRAL GEM,Central Gem,13633
041,SIAYA,Siaya,235,GEM,Gem,1172,YALA TOWNSHIP,Yala Township,13874
041,SIAYA,Siaya,235,GEM,Gem,1173,EAST GEM,East Gem,13952
041,SIAYA,Siaya,235,GEM,Gem,1174,SOUTH GEM,South Gem,18560
041,SIAYA,Siaya,236,BONDO,Bondo,1175,WEST YIMBO,West Yimbo,15638
041,SIAYA,Siaya,236,BONDO,Bondo,1176,CENTRAL SAKWA,Central Sakwa,13782
041,SIAYA,Siaya,236,BONDO,Bondo,1177,SOUTH SAKWA,South Sakwa,14827
041,SIAYA,Siaya,236,BONDO,Bondo,1178,YIMBO EAST,Yimbo East,17008
041,SIAYA,Siaya,236,BONDO,Bondo,1179,WEST SAKWA,West Sakwa,21323
041,SIAYA,Siaya,236,BONDO,Bondo,1180,NORTH SAKWA,North Sakwa,21457
041,SIAYA,Siaya,237,RARIEDA,Rarieda,1181,EAST ASEMBO,East Asembo,21741
041,SIAYA,Siaya,237,RARIEDA,Rarieda,1182,WEST ASEMBO,West Asembo,21599
041,SIAYA,Siaya,237,RARIEDA,Rarieda,1183,NORTH UYOMA,North Uyoma,13158
041,SIAYA,Siaya,237,RARIEDA,Rarieda,1184,SOUTH UYOMA,South Uyoma,11140
041,SIAYA,Siaya,237,RARIEDA,Rarieda,1185,WEST UYOMA,West Uyoma,17211
042,KISUMU,Kisumu,238,KISUMU EAST,Kisumu East,1186,KAJULU,Kajulu,26717
042,KISUMU,Kisumu,238,KISUMU EAST,Kisumu East,1187,KOLWA EAST,Kolwa East,15294
042,KISUMU,Kisumu,238,KISUMU EAST,Kisumu East,1188,MANYATTA 'B',Manyatta 'B',15095
042,KISUMU,Kisumu,238,KISUMU EAST,Kisumu East,1189,NYALENDA 'A',Nyalenda 'A',13765
042,KISUMU,Kisumu,238,KISUMU EAST,Kisumu East,1190,KOLWA CENTRAL,Kolwa Central,22306
042,KISUMU,Kisumu,239,KISUMU WEST,Kisumu West,1191,SOUTH WEST KISUMU,South West Kisumu,15592
042,KISUMU,Kisumu,239,KISUMU WEST,Kisumu West,1192,CENTRAL KISUMU,Central Kisumu,21829
042,KISUMU,Kisumu,239,KISUMU WEST,Kisumu West,1193,KISUMU NORTH,Kisumu North,17599
042,KISUMU,Kisumu,239,KISUMU WEST,Kisumu West,1194,WEST KISUMU,West Kisumu,13932
042,KISUMU,Kisumu,239,KISUMU WEST,Kisumu West,1195,NORTH WEST KISUMU,North West Kisumu,13975
042,KISUMU,Kisumu,240,KISUMU CENTRAL,Kisumu Central,1196,RAILWAYS,Railways,25365
042,KISUMU,Kisumu,240,KISUMU CENTRAL,Kisumu Central,1197,MIGOSI,Migosi,18193
042,KISUMU,Kisumu,240,KISUMU CENTRAL,Kisumu Central,1198,SHAURIMOYO KALOLENI,Shaurimoyo Kaloleni,17675
042,KISUMU,Kisumu,240,KISUMU CENTRAL,Kisumu Central,1199,MARKET MILIMANI,Market Milimani,29278
042,KISUMU,Kisumu,240,KISUMU CENTRAL,Kisumu Central,1200,KONDELE,Kondele,23019
042,KISUMU,Kisumu,240,KISUMU CENTRAL,Kisumu Central,1201,NYALENDA B,Nyalenda B,16619
042,KISUMU,Kisumu,241,SEME,Seme,1202,WEST SEME,West Seme,17896
042,KISUMU,Kisumu,241,SEME,Seme,1203,CENTRAL SEME,Central Seme,14995
042,KISUMU,Kisumu,241,SEME,Seme,1204,EAST SEME,East Seme,13920
042,KISUMU,Kisumu,241,SEME,Seme,1205,NORTH SEME,North Seme,15234
042,KISUMU,Kisumu,242,NYANDO,Nyando,1206,EAST KANO/WAWIDHI,East Kano/Wawidhi,10146
042,KISUMU,Kisumu,242,NYANDO,Nyando,1207,AWASI/ONJIKO,Awasi/Onjiko,18448
042,KISUMU,Kisumu,242,NYANDO,Nyando,1208,AHERO,Ahero,18131
042,KISUMU,Kisumu,242,NYANDO,Nyando,1209,KABONYO/KANYAGWAL,Kabonyo/Kanyagwal,13012
042,KISUMU,Kisumu,242,NYANDO,Nyando,1210,KOBURA,Kobura,21020
042,KISUMU,Kisumu,243,MUHORONI,Muhoroni,1211,MIWANI,Miwani,10846
042,KISUMU,Kisumu,243,MUHORONI,Muhoroni,1212,OMBEYI,Ombeyi,13969
042,KISUMU,Kisumu,243,MUHORONI,Muhoroni,1213,MASOGO/NYANG'OMA,Masogo/Nyang'oma,18629
042,KISUMU,Kisumu,243,MUHORONI,Muhoroni,1214,CHEMELIL,Chemelil,16933
042,KISUMU,Kisumu,243,MUHORONI,Muhoroni,1215,MUHORONI/KORU,Muhoroni/Koru,19388
042,KISUMU,Kisumu,244,NYAKACH,Nyakach,1216,SOUTH WEST NYAKACH,South West Nyakach,10003
042,KISUMU,Kisumu,244,NYAKACH,Nyakach,1217,NORTH NYAKACH,North Nyakach,21438
042,KISUMU,Kisumu,244,NYAKACH,Nyakach,1218,CENTRAL NYAKACH,Central Nyakach,14199
042,KISUMU,Kisumu,244,NYAKACH,Nyakach,1219,WEST NYAKACH,West Nyakach,14900
042,KISUMU,Kisumu,244,NYAKACH,Nyakach,1220,SOUTH EAST NYAKACH,South East Nyakach,17394
043,HOMA BAY,Homa Bay,245,KASIPUL,Kasipul,1221,WEST KASIPUL,West Kasipul,14303
043,HOMA BAY,Homa Bay,245,KASIPUL,Kasipul,1222,SOUTH KASIPUL,South Kasipul,14318
043,HOMA BAY,Homa Bay,245,KASIPUL,Kasipul,1223,CENTRAL KASIPUL,Central Kasipul,15476
043,HOMA BAY,Homa Bay,245,KASIPUL,Kasipul,1224,EAST KAMAGAK,East Kamagak,9074
043,HOMA BAY,Homa Bay,245,KASIPUL,Kasipul,1225,WEST KAMAGAK,West Kamagak,14342
043,HOMA BAY,Homa Bay,246,KABONDO KASIPUL,Kabondo Kasipul,1226,KABONDO EAST,Kabondo East,17062
043,HOMA BAY,Homa Bay,246,KABONDO KASIPUL,Kabondo Kasipul,1227,KABONDO WEST,Kabondo West,16927
043,HOMA BAY,Homa Bay,246,KABONDO KASIPUL,Kabondo Kasipul,1228,KOKWANYO/KAKELO,Kokwanyo/Kakelo,15402
043,HOMA BAY,Homa Bay,246,KABONDO KASIPUL,Kabondo Kasipul,1229,KOJWACH,Kojwach,10519
043,HOMA BAY,Homa Bay,247,KARACHUONYO,Karachuonyo,1230,WEST KARACHUONYO,West Karachuonyo,11870
043,HOMA BAY,Homa Bay,247,KARACHUONYO,Karachuonyo,1231,NORTH KARACHUONYO,North Karachuonyo,13731
043,HOMA BAY,Homa Bay,247,KARACHUONYO,Karachuonyo,1232,CENTRAL,Central,12560
043,HOMA BAY,Homa Bay,247,KARACHUONYO,Karachuonyo,1233,KANYALUO,Kanyaluo,11255
043,HOMA BAY,Homa Bay,247,KARACHUONYO,Karachuonyo,1234,KIBIRI,Kibiri,12053
043,HOMA BAY,Homa Bay,247,KARACHUONYO,Karachuonyo,1235,WANGCHIENG,Wangchieng,19362
043,HOMA BAY,Homa Bay,247,KARACHUONYO,Karachuonyo,1236,KENDU BAY TOWN,Kendu Bay Town,13350
043,HOMA BAY,Homa Bay,248,RANGWE,Rangwe,1237,WEST GEM,West Gem,12456
043,HOMA BAY,Homa Bay,248,RANGWE,Rangwe,1238,EAST GEM,East Gem,13448
043,HOMA BAY,Homa Bay,248,RANGWE,Rangwe,1239,KAGAN,Kagan,16000
043,HOMA BAY,Homa Bay,248,RANGWE,Rangwe,1240,KOCHIA,Kochia,16982
043,HOMA BAY,Homa Bay,249,HOMA BAY TOWN,Homa Bay Town,1241,HOMA BAY CENTRAL,Homa Bay Central,21119
043,HOMA BAY,Homa Bay,249,HOMA BAY TOWN,Homa Bay Town,1242,HOMA BAY ARUJO,Homa Bay Arujo,13283
043,HOMA BAY,Homa Bay,249,HOMA BAY TOWN,Homa Bay Town,1243,HOMA BAY WEST,Homa Bay West,8283
043,HOMA BAY,Homa Bay,249,HOMA BAY TOWN,Homa Bay Town,1244,HOMA BAY EAST,Homa Bay East,15650
043,HOMA BAY,Homa Bay,250,NDHIWA,Ndhiwa,1245,KWABWAI,Kwabwai,16085
043,HOMA BAY,Homa Bay,250,NDHIWA,Ndhiwa,1246,KANYADOTO,Kanyadoto,9315
043,HOMA BAY,Homa Bay,250,NDHIWA,Ndhiwa,1247,KANYIKELA,Kanyikela,5350
043,HOMA BAY,Homa Bay,250,NDHIWA,Ndhiwa,1248,KABUOCH NORTH,Kabuoch North,19358
043,HOMA BAY,Homa Bay,250,NDHIWA,Ndhiwa,1249,KABUOCH SOUTH/PALA,Kabuoch South/Pala,13741
043,HOMA BAY,Homa Bay,250,NDHIWA,Ndhiwa,1250,KANYAMWA KOLOGI,Kanyamwa Kologi,13399
043,HOMA BAY,Homa Bay,250,NDHIWA,Ndhiwa,1251,KANYAMWA KOSEWE,Kanyamwa Kosewe,19486
043,HOMA BAY,Homa Bay,251,SUBA NORTH,Suba North,1252,MFANGANO ISLAND,Mfangano Island,10569
043,HOMA BAY,Homa Bay,251,SUBA NORTH,Suba North,1253,RUSINGA ISLAND,Rusinga Island,14320
043,HOMA BAY,Homa Bay,251,SUBA NORTH,Suba North,1254,KASGUNGA,Kasgunga,12876
043,HOMA BAY,Homa Bay,251,SUBA NORTH,Suba North,1255,GEMBE,Gembe,9941
043,HOMA BAY,Homa Bay,251,SUBA NORTH,Suba North,1256,LAMBWE,Lambwe,12968
043,HOMA BAY,Homa Bay,252,SUBA SOUTH,Suba South,1257,GWASSI SOUTH,Gwassi South,18433
043,HOMA BAY,Homa Bay,252,SUBA SOUTH,Suba South,1258,GWASSI NORTH,Gwassi North,15405
043,HOMA BAY,Homa Bay,252,SUBA SOUTH,Suba South,1259,KAKSINGRI WEST,Kaksingri West,13960
043,HOMA BAY,Homa Bay,252,SUBA SOUTH,Suba South,1260,RUMA-KAKSINGRI,Ruma-Kaksingri,7040
044,MIGORI,Migori,253,RONGO,Rongo,1261,NORTH KAMAGAMBO,North Kamagambo,10426
044,MIGORI,Migori,253,RONGO,Rongo,1262,CENTRAL KAMAGAMBO,Central Kamagambo,19077
044,MIGORI,Migori,253,RONGO,Rongo,1263,EAST KAMAGAMBO,East Kamagambo,16141
044,MIGORI,Migori,253,RONGO,Rongo,1264,SOUTH KAMAGAMBO,South Kamagambo,13537
044,MIGORI,Migori,254,AWENDO,Awendo,1265,NORTH SAKWA,North Sakwa,11768
044,MIGORI,Migori,254,AWENDO,Awendo,1266,SOUTH SAKWA,South Sakwa,17750
044,MIGORI,Migori,254,AWENDO,Awendo,1267,WEST SAKWA,West Sakwa,11831
044,MIGORI,Migori,254,AWENDO,Awendo,1268,CENTRAL SAKWA,Central Sakwa,14623
044,MIGORI,Migori,255,SUNA EAST,Suna East,1269,GOD JOPE,God Jope,10344
044,MIGORI,Migori,255,SUNA EAST,Suna East,1270,SUNA CENTRAL,Suna Central,18244
044,MIGORI,Migori,255,SUNA EAST,Suna East,1271,KAKRAO,Kakrao,16948
044,MIGORI,Migori,255,SUNA EAST,Suna East,1272,KWA,Kwa,8929
044,MIGORI,Migori,256,SUNA WEST,Suna West,1273,WIGA,Wiga,13692
044,MIGORI,Migori,256,SUNA WEST,Suna West,1274,WASWETA II,Wasweta Ii,12007
044,MIGORI,Migori,256,SUNA WEST,Suna West,1275,RAGANA-ORUBA,Ragana-Oruba,20216
044,MIGORI,Migori,256,SUNA WEST,Suna West,1276,WASIMBETE,Wasimbete,10771
044,MIGORI,Migori,257,URIRI,Uriri,1277,WEST KANYAMKAGO,West Kanyamkago,14886
044,MIGORI,Migori,257,URIRI,Uriri,1278,NORTH KANYAMKAGO,North Kanyamkago,16336
044,MIGORI,Migori,257,URIRI,Uriri,1279,CENTRAL KANYAMKAGO,Central Kanyamkago,10295
044,MIGORI,Migori,257,URIRI,Uriri,1280,SOUTH KANYAMKAGO,South Kanyamkago,16057
044,MIGORI,Migori,257,URIRI,Uriri,1281,EAST KANYAMKAGO,East Kanyamkago,7489
044,MIGORI,Migori,258,NYATIKE,Nyatike,1282,KACHIEN'G,Kachien'g,10551
044,MIGORI,Migori,258,NYATIKE,Nyatike,1283,KANYASA,Kanyasa,7748
044,MIGORI,Migori,258,NYATIKE,Nyatike,1284,NORTH KADEM,North Kadem,15113
044,MIGORI,Migori,258,NYATIKE,Nyatike,1285,MACALDER/KANYARWANDA,Macalder/Kanyarwanda,13187
044,MIGORI,Migori,258,NYATIKE,Nyatike,1286,KALER,Kaler,5727
044,MIGORI,Migori,258,NYATIKE,Nyatike,1287,GOT KACHOLA,Got Kachola,10923
044,MIGORI,Migori,258,NYATIKE,Nyatike,1288,MUHURU,Muhuru,10183
044,MIGORI,Migori,259,KURIA WEST,Kuria West,1289,BUKIRA EAST,Bukira East,8957
044,MIGORI,Migori,259,KURIA WEST,Kuria West,1290,BUKIRA CENTRL/IKEREGE,Bukira Centrl/Ikerege,7865
044,MIGORI,Migori,259,KURIA WEST,Kuria West,1291,ISIBANIA,Isibania,9169
044,MIGORI,Migori,259,KURIA WEST,Kuria West,1292,MAKERERO,Makerero,6056
044,MIGORI,Migori,259,KURIA WEST,Kuria West,1293,MASABA,Masaba,9214
044,MIGORI,Migori,259,KURIA WEST,Kuria West,1294,TAGARE,Tagare,9780
044,MIGORI,Migori,259,KURIA WEST,Kuria West,1295,NYAMOSENSE/KOMOSOKO,Nyamosense/Komosoko,11203
044,MIGORI,Migori,260,KURIA EAST,Kuria East,1296,GOKEHARAKA/GETAMBWEGA,Gokeharaka/Getambwega,7962
044,MIGORI,Migori,260,KURIA EAST,Kuria East,1297,NTIMARU WEST,Ntimaru West,8628
044,MIGORI,Migori,260,KURIA EAST,Kuria East,1298,NTIMARU EAST,Ntimaru East,5591
044,MIGORI,Migori,260,KURIA EAST,Kuria East,1299,NYABASI EAST,Nyabasi East,8930
044,MIGORI,Migori,260,KURIA EAST,Kuria East,1300,NYABASI WEST,Nyabasi West,10865
045,KISII,Kisii,261,BONCHARI,Bonchari,1301,BOMARIBA,Bomariba,11167
045,KISII,Kisii,261,BONCHARI,Bonchari,1302,BOGIAKUMU,Bogiakumu,17744
045,KISII,Kisii,261,BONCHARI,Bonchari,1303,BOMORENDA,Bomorenda,17363
045,KISII,Kisii,261,BONCHARI,Bonchari,1304,RIANA,Riana,18356
045,KISII,Kisii,262,SOUTH MUGIRANGO,South Mugirango,1305,TABAKA,Tabaka,16395
045,KISII,Kisii,262,SOUTH MUGIRANGO,South Mugirango,1306,BOIKANG'A,Boikang'a,10127
045,KISII,Kisii,262,SOUTH MUGIRANGO,South Mugirango,1307,BOGETENGA,Bogetenga,14408
045,KISII,Kisii,262,SOUTH MUGIRANGO,South Mugirango,1308,BORABU / CHITAGO,Borabu / Chitago,17760
045,KISII,Kisii,262,SOUTH MUGIRANGO,South Mugirango,1309,MOTICHO,Moticho,12699
045,KISII,Kisii,262,SOUTH MUGIRANGO,South Mugirango,1310,GETENGA,Getenga,7615
045,KISII,Kisii,263,BOMACHOGE BORABU,Bomachoge Borabu,1311,BOMBABA BORABU,Bombaba Borabu,12474
045,KISII,Kisii,263,BOMACHOGE BORABU,Bomachoge Borabu,1312,BOOCHI BORABU,Boochi Borabu,8650
045,KISII,Kisii,263,BOMACHOGE BORABU,Bomachoge Borabu,1313,BOKIMONGE,Bokimonge,18795
045,KISII,Kisii,263,BOMACHOGE BORABU,Bomachoge Borabu,1314,MAGENCHE,Magenche,17072
045,KISII,Kisii,264,BOBASI,Bobasi,1315,MASIGE WEST,Masige West,12614
045,KISII,Kisii,264,BOBASI,Bobasi,1316,MASIGE EAST,Masige East,11667
045,KISII,Kisii,264,BOBASI,Bobasi,1317,BASI CENTRAL,Basi Central,13122
045,KISII,Kisii,264,BOBASI,Bobasi,1318,NYACHEKI,Nyacheki,16988
045,KISII,Kisii,264,BOBASI,Bobasi,1319,BASI BOGETAORIO,Basi Bogetaorio,16319
045,KISII,Kisii,264,BOBASI,Bobasi,1320,BOBASI CHACHE,Bobasi Chache,12997
045,KISII,Kisii,264,BOBASI,Bobasi,1321,SAMETA/MOKWERERO,Sameta/Mokwerero,11884
045,KISII,Kisii,264,BOBASI,Bobasi,1322,BOBASI BOITANGARE,Bobasi Boitangare,10469
045,KISII,Kisii,265,BOMACHOGE CHACHE,Bomachoge Chache,1323,MAJOGE BASI,Majoge Basi,13016
045,KISII,Kisii,265,BOMACHOGE CHACHE,Bomachoge Chache,1324,BOOCHI/TENDERE,Boochi/Tendere,17987
045,KISII,Kisii,265,BOMACHOGE CHACHE,Bomachoge Chache,1325,BOSOTI/SENGERA,Bosoti/Sengera,18298
045,KISII,Kisii,266,NYARIBARI MASABA,Nyaribari Masaba,1326,ICHUNI,Ichuni,15662
045,KISII,Kisii,266,NYARIBARI MASABA,Nyaribari Masaba,1327,NYAMASIBI,Nyamasibi,11782
045,KISII,Kisii,266,NYARIBARI MASABA,Nyaribari Masaba,1328,MASIMBA,Masimba,14188
045,KISII,Kisii,266,NYARIBARI MASABA,Nyaribari Masaba,1329,GESUSU,Gesusu,14569
045,KISII,Kisii,266,NYARIBARI MASABA,Nyaribari Masaba,1330,KIAMOKAMA,Kiamokama,12392
045,KISII,Kisii,267,NYARIBARI CHACHE,Nyaribari Chache,1331,BOBARACHO,Bobaracho,19235
045,KISII,Kisii,267,NYARIBARI CHACHE,Nyaribari Chache,1332,KISII CENTRAL,Kisii Central,24550
045,KISII,Kisii,267,NYARIBARI CHACHE,Nyaribari Chache,1333,KEUMBU,Keumbu,10022
045,KISII,Kisii,267,NYARIBARI CHACHE,Nyaribari Chache,1334,KIOGORO,Kiogoro,10510
045,KISII,Kisii,267,NYARIBARI CHACHE,Nyaribari Chache,1335,BIRONGO,Birongo,11320
045,KISII,Kisii,267,NYARIBARI CHACHE,Nyaribari Chache,1336,IBENO,Ibeno,12916
045,KISII,Kisii,268,KITUTU CHACHE NORTH,Kitutu Chache North,1337,MONYERERO,Monyerero,15350
045,KISII,Kisii,268,KITUTU CHACHE NORTH,Kitutu Chache North,1338,SENSI,Sensi,15165
045,KISII,Kisii,268,KITUTU CHACHE NORTH,Kitutu Chache North,1339,MARANI,Marani,15466
045,KISII,Kisii,268,KITUTU CHACHE NORTH,Kitutu Chache North,1340,KEGOGI,Kegogi,10989
045,KISII,Kisii,269,KITUTU CHACHE SOUTH,Kitutu Chache South,1341,BOGUSERO,Bogusero,12271
045,KISII,Kisii,269,KITUTU CHACHE SOUTH,Kitutu Chache South,1342,BOGEKA,Bogeka,7774
045,KISII,Kisii,269,KITUTU CHACHE SOUTH,Kitutu Chache South,1343,NYAKOE,Nyakoe,12178
045,KISII,Kisii,269,KITUTU CHACHE SOUTH,Kitutu Chache South,1344,KITUTU CENTRAL,Kitutu Central,24345
045,KISII,Kisii,269,KITUTU CHACHE SOUTH,Kitutu Chache South,1345,NYATIEKO,Nyatieko,10340
046,NYAMIRA,Nyamira,270,KITUTU MASABA,Kitutu Masaba,1346,RIGOMA,Rigoma,19808
046,NYAMIRA,Nyamira,270,KITUTU MASABA,Kitutu Masaba,1347,GACHUBA,Gachuba,16245
046,NYAMIRA,Nyamira,270,KITUTU MASABA,Kitutu Masaba,1348,KEMERA,Kemera,18264
046,NYAMIRA,Nyamira,270,KITUTU MASABA,Kitutu Masaba,1349,MAGOMBO,Magombo,13683
046,NYAMIRA,Nyamira,270,KITUTU MASABA,Kitutu Masaba,1350,MANGA,Manga,19212
046,NYAMIRA,Nyamira,270,KITUTU MASABA,Kitutu Masaba,1351,GESIMA,Gesima,19057
046,NYAMIRA,Nyamira,271,WEST MUGIRANGO,West Mugirango,1352,NYAMAIYA,Nyamaiya,16431
046,NYAMIRA,Nyamira,271,WEST MUGIRANGO,West Mugirango,1353,BOGICHORA,Bogichora,21267
046,NYAMIRA,Nyamira,271,WEST MUGIRANGO,West Mugirango,1354,BOSAMARO,Bosamaro,20028
046,NYAMIRA,Nyamira,271,WEST MUGIRANGO,West Mugirango,1355,BONYAMATUTA,Bonyamatuta,15455
046,NYAMIRA,Nyamira,271,WEST MUGIRANGO,West Mugirango,1356,TOWNSHIP,Township,15018
046,NYAMIRA,Nyamira,272,NORTH MUGIRANGO,North Mugirango,1357,ITIBO,Itibo,13950
046,NYAMIRA,Nyamira,272,NORTH MUGIRANGO,North Mugirango,1358,BOMWAGAMO,Bomwagamo,10152
046,NYAMIRA,Nyamira,272,NORTH MUGIRANGO,North Mugirango,1359,BOKEIRA,Bokeira,13595
046,NYAMIRA,Nyamira,272,NORTH MUGIRANGO,North Mugirango,1360,MAGWAGWA,Magwagwa,12780
046,NYAMIRA,Nyamira,272,NORTH MUGIRANGO,North Mugirango,1361,EKERENYO,Ekerenyo,14273
046,NYAMIRA,Nyamira,273,BORABU,Borabu,1362,MEKENENE,Mekenene,10730
046,NYAMIRA,Nyamira,273,BORABU,Borabu,1363,KIABONYORU,Kiabonyoru,22625
046,NYAMIRA,Nyamira,273,BORABU,Borabu,1364,NYANSIONGO,Nyansiongo,16050
046,NYAMIRA,Nyamira,273,BORABU,Borabu,1365,ESISE,Esise,14660
047,NAIROBI CITY,Nairobi City,274,WESTLANDS,Westlands,1366,KITISURU,Kitisuru,29237
047,NAIROBI CITY,Nairobi City,274,WESTLANDS,Westlands,1367,PARKLANDS/HIGHRIDGE,Parklands/Highridge,37144
047,NAIROBI CITY,Nairobi City,274,WESTLANDS,Westlands,1368,KARURA,Karura,29548
047,NAIROBI CITY,Nairobi City,274,WESTLANDS,Westlands,1369,KANGEMI,Kangemi,32551
047,NAIROBI CITY,Nairobi City,274,WESTLANDS,Westlands,1370,MOUNTAIN VIEW,Mountain View,32259
047,NAIROBI CITY,Nairobi City,275,DAGORETTI NORTH,Dagoretti North,1371,KILIMANI,Kilimani,38927
047,NAIROBI CITY,Nairobi City,275,DAGORETTI NORTH,Dagoretti North,1372,KAWANGWARE,Kawangware,28468
047,NAIROBI CITY,Nairobi City,275,DAGORETTI NORTH,Dagoretti North,1373,GATINA,Gatina,34831
047,NAIROBI CITY,Nairobi City,275,DAGORETTI NORTH,Dagoretti North,1374,KILELESHWA,Kileleshwa,26343
047,NAIROBI CITY,Nairobi City,275,DAGORETTI NORTH,Dagoretti North,1375,KABIRO,Kabiro,29090
047,NAIROBI CITY,Nairobi City,276,DAGORETTI SOUTH,Dagoretti South,1376,MUTU-INI,Mutu-Ini,13484
047,NAIROBI CITY,Nairobi City,276,DAGORETTI SOUTH,Dagoretti South,1377,NGANDO,Ngando,24892
047,NAIROBI CITY,Nairobi City,276,DAGORETTI SOUTH,Dagoretti South,1378,RIRUTA,Riruta,37766
047,NAIROBI CITY,Nairobi City,276,DAGORETTI SOUTH,Dagoretti South,1379,UTHIRU/RUTHIMITU,Uthiru/Ruthimitu,19657
047,NAIROBI CITY,Nairobi City,276,DAGORETTI SOUTH,Dagoretti South,1380,WAITHAKA,Waithaka,19131
047,NAIROBI CITY,Nairobi City,277,LANGATA,Langata,1381,KAREN,Karen,34450
047,NAIROBI CITY,Nairobi City,277,LANGATA,Langata,1382,NAIROBI WEST,Nairobi West,18386
047,NAIROBI CITY,Nairobi City,277,LANGATA,Langata,1383,MUGUMU-INI,Mugumu-Ini,37864
047,NAIROBI CITY,Nairobi City,277,LANGATA,Langata,1384,SOUTH C,South C,33149
047,NAIROBI CITY,Nairobi City,277,LANGATA,Langata,1385,NYAYO HIGHRISE,Nyayo Highrise,21800
047,NAIROBI CITY,Nairobi City,278,KIBRA,Kibra,1386,LAINI SABA,Laini Saba,19378
047,NAIROBI CITY,Nairobi City,278,KIBRA,Kibra,1387,LINDI,Lindi,19082
047,NAIROBI CITY,Nairobi City,278,KIBRA,Kibra,1388,MAKINA,Makina,28408
047,NAIROBI CITY,Nairobi City,278,KIBRA,Kibra,1389,WOODLEY/KENYATTA GOLF COURSE,Woodley/Kenyatta Golf Course,28972
047,NAIROBI CITY,Nairobi City,278,KIBRA,Kibra,1390,SARANGOMBE,Sarangombe,32442
047,NAIROBI CITY,Nairobi City,279,ROYSAMBU,Roysambu,1391,GITHURAI,Githurai,35899
047,NAIROBI CITY,Nairobi City,279,ROYSAMBU,Roysambu,1392,KAHAWA WEST,Kahawa West,38586
047,NAIROBI CITY,Nairobi City,279,ROYSAMBU,Roysambu,1393,ZIMMERMAN,Zimmerman,30701
047,NAIROBI CITY,Nairobi City,279,ROYSAMBU,Roysambu,1394,ROYSAMBU,Roysambu,31158
047,NAIROBI CITY,Nairobi City,279,ROYSAMBU,Roysambu,1395,KAHAWA,Kahawa,17428
047,NAIROBI CITY,Nairobi City,280,KASARANI,Kasarani,1396,CLAY CITY,Clay City,34387
047,NAIROBI CITY,Nairobi City,280,KASARANI,Kasarani,1397,MWIKI,Mwiki,27837
047,NAIROBI CITY,Nairobi City,280,KASARANI,Kasarani,1398,KASARANI,Kasarani,27525
047,NAIROBI CITY,Nairobi City,280,KASARANI,Kasarani,1399,NJIRU,Njiru,28140
047,NAIROBI CITY,Nairobi City,280,KASARANI,Kasarani,1400,RUAI,Ruai,37361
047,NAIROBI CITY,Nairobi City,281,RUARAKA,Ruaraka,1401,BABA DOGO,Baba Dogo,29419
047,NAIROBI CITY,Nairobi City,281,RUARAKA,Ruaraka,1402,UTALII,Utalii,27599
047,NAIROBI CITY,Nairobi City,281,RUARAKA,Ruaraka,1403,MATHARE NORTH,Mathare North,29334
047,NAIROBI CITY,Nairobi City,281,RUARAKA,Ruaraka,1404,LUCKY SUMMER,Lucky Summer,20690
047,NAIROBI CITY,Nairobi City,281,RUARAKA,Ruaraka,1405,KOROGOCHO,Korogocho,17440
047,NAIROBI CITY,Nairobi City,282,EMBAKASI SOUTH,Embakasi South,1406,IMARA DAIMA,Imara Daima,38096
047,NAIROBI CITY,Nairobi City,282,EMBAKASI SOUTH,Embakasi South,1407,KWA NJENGA,Kwa Njenga,28554
047,NAIROBI CITY,Nairobi City,282,EMBAKASI SOUTH,Embakasi South,1408,KWA REUBEN,Kwa Reuben,33591
047,NAIROBI CITY,Nairobi City,282,EMBAKASI SOUTH,Embakasi South,1409,PIPELINE,Pipeline,37900
047,NAIROBI CITY,Nairobi City,282,EMBAKASI SOUTH,Embakasi South,1410,KWARE,Kware,29812
047,NAIROBI CITY,Nairobi City,283,EMBAKASI NORTH,Embakasi North,1411,KARIOBANGI NORTH,Kariobangi North,24500
047,NAIROBI CITY,Nairobi City,283,EMBAKASI NORTH,Embakasi North,1412,DANDORA AREA I,Dandora Area I,20543
047,NAIROBI CITY,Nairobi City,283,EMBAKASI NORTH,Embakasi North,1413,DANDORA AREA II,Dandora Area Ii,19761
047,NAIROBI CITY,Nairobi City,283,EMBAKASI NORTH,Embakasi North,1414,DANDORA AREA III,Dandora Area Iii,21247
047,NAIROBI CITY,Nairobi City,283,EMBAKASI NORTH,Embakasi North,1415,DANDORA AREA IV,Dandora Area Iv,27293
047,NAIROBI CITY,Nairobi City,284,EMBAKASI CENTRAL,Embakasi Central,1416,KAYOLE NORTH,Kayole North,25563
047,NAIROBI CITY,Nairobi City,284,EMBAKASI CENTRAL,Embakasi Central,1417,KAYOLE CENTRAL,Kayole Central,26855
047,NAIROBI CITY,Nairobi City,284,EMBAKASI CENTRAL,Embakasi Central,1418,KAYOLE SOUTH,Kayole South,41154
047,NAIROBI CITY,Nairobi City,284,EMBAKASI CENTRAL,Embakasi Central,1419,KOMAROCK,Komarock,33127
047,NAIROBI CITY,Nairobi City,284,EMBAKASI CENTRAL,Embakasi Central,1420,MATOPENI/SPRING VALLEY,Matopeni/Spring Valley,19193
047,NAIROBI CITY,Nairobi City,285,EMBAKASI EAST,Embakasi East,1421,UPPER SAVANNAH,Upper Savannah,28928
047,NAIROBI CITY,Nairobi City,285,EMBAKASI EAST,Embakasi East,1422,LOWER SAVANNAH,Lower Savannah,30104
047,NAIROBI CITY,Nairobi City,285,EMBAKASI EAST,Embakasi East,1423,EMBAKASI,Embakasi,46291
047,NAIROBI CITY,Nairobi City,285,EMBAKASI EAST,Embakasi East,1424,UTAWALA,Utawala,25707
047,NAIROBI CITY,Nairobi City,285,EMBAKASI EAST,Embakasi East,1425,MIHANGO,Mihango,23569
047,NAIROBI CITY,Nairobi City,286,EMBAKASI WEST,Embakasi West,1426,UMOJA I,Umoja I,40554
047,NAIROBI CITY,Nairobi City,286,EMBAKASI WEST,Embakasi West,1427,UMOJA II,Umoja Ii,39562
047,NAIROBI CITY,Nairobi City,286,EMBAKASI WEST,Embakasi West,1428,MOWLEM,Mowlem,23423
047,NAIROBI CITY,Nairobi City,286,EMBAKASI WEST,Embakasi West,1429,KARIOBANGI SOUTH,Kariobangi South,38339
047,NAIROBI CITY,Nairobi City,287,MAKADARA,Makadara,1430,MARINGO/HAMZA,Maringo/Hamza,39821
047,NAIROBI CITY,Nairobi City,287,MAKADARA,Makadara,1431,VIWANDANI,Viwandani,24650
047,NAIROBI CITY,Nairobi City,287,MAKADARA,Makadara,1432,HARAMBEE,Harambee,36498
047,NAIROBI CITY,Nairobi City,287,MAKADARA,Makadara,1433,MAKONGENI,Makongeni,28658
047,NAIROBI CITY,Nairobi City,288,KAMUKUNJI,Kamukunji,1434,PUMWANI,Pumwani,39130
047,NAIROBI CITY,Nairobi City,288,KAMUKUNJI,Kamukunji,1435,EASTLEIGH NORTH,Eastleigh North,27523
047,NAIROBI CITY,Nairobi City,288,KAMUKUNJI,Kamukunji,1436,EASTLEIGH SOUTH,Eastleigh South,28019
047,NAIROBI CITY,Nairobi City,288,KAMUKUNJI,Kamukunji,1437,AIRBASE,Airbase,16352
047,NAIROBI CITY,Nairobi City,288,KAMUKUNJI,Kamukunji,1438,CALIFORNIA,California,17492
047,NAIROBI CITY,Nairobi City,289,STAREHE,Starehe,1439,NAIROBI CENTRAL,Nairobi Central,52186
047,NAIROBI CITY,Nairobi City,289,STAREHE,Starehe,1440,NGARA,Ngara,27816
047,NAIROBI CITY,Nairobi City,289,STAREHE,Starehe,1441,PANGANI,Pangani,18494
047,NAIROBI CITY,Nairobi City,289,STAREHE,Starehe,1442,ZIWANI/KARIOKOR,Ziwani/Kariokor,16790
047,NAIROBI CITY,Nairobi City,289,STAREHE,Starehe,1443,LANDIMAWE,Landimawe,20436
047,NAIROBI CITY,Nairobi City,289,STAREHE,Starehe,1444,NAIROBI SOUTH,Nairobi South,33853
047,NAIROBI CITY,Nairobi City,290,MATHARE,Mathare,1445,HOSPITAL,Hospital,12512
047,NAIROBI CITY,Nairobi City,290,MATHARE,Mathare,1446,MABATINI,Mabatini,20976
047,NAIROBI CITY,Nairobi City,290,MATHARE,Mathare,1447,HURUMA,Huruma,23018
047,NAIROBI CITY,Nairobi City,290,MATHARE,Mathare,1448,NGEI,Ngei,24699
047,NAIROBI CITY,Nairobi City,290,MATHARE,Mathare,1449,MLANGO KUBWA,Mlango Kubwa,22765
047,NAIROBI CITY,Nairobi City,290,MATHARE,Mathare,1450,KIAMAIKO,Kiamaiko,19193
